Workbook
Name Frage: [1]Basis!$I$2:$I$34
Name FranciscoMárquez: #REF!
Name FranciscoMárquez: #REF!
Name FranciscoMárquez: 'OEE FT EMPAQUE'!#REF!
Name FranciscoMárquez: 'OEE FT LEAKTEST'!#REF!
Name FranciscoMárquez: 'OEE FT LIM M Y S'!#REF!
Name FranciscoMárquez: 'OEE FT PRENSA'!#REF!
Name FranciscoMárquez: #REF!
Name FranciscoMárquez: #REF!
Name FranciscoMárquez: #REF!
Name NativeTimeline_FECHA: #N/A
Name Slicer_Años1: #N/A
Name wirksam: [1]Basis!$G$2:$G$3

Sheet OEE FT LIM M Y S
C1: FECHA | D1: TIEMPOS CAIDOS | G1: DISPONIBILIDAD | L1: RENDIMIENTO | P1: CALIDAD | AG1: OEE
A2: REF VLOOK UP | B2: turno | C2: FECHA | D2: SET UP | E2: PROCESO | F2: MTTO OTROS | G2: TIEMPO EXTRA | H2: TIEMPO CALCULADO | I2: TIEMPO PLANIFICADO | J2: TIEMPO OPERATIVO | K2: RESULTADO | L2: PIEZAS PRODUCIDAS | M2: ESTANDAR | N2: MIN X HORAS | O2: RESULTADO | P2: PIEZAS BUENAS | Q2: PIEZAS PRODUCIDAS | R2: Rebaba de ventana | S2: Limado excesivo | T2: PUNTO | U2: Caidas al piso | V2: Piezas con fuga | W2: Piezas con golpes | X2: Soldadura sañada | Y2: daño limado manual | Z2: Otro | AA2: Ajsutes de Ingenieria | AB2: Ajustes de MTTO | AC2: Week Number | AD2: QA TOTAL | AE2: SCRAP | AF2: RESULTADO | AG2: RESULTADO
B3: 1 | C3: 44621 | H3: 540 | I3: 540 | J3: =I3-D3-E3-F3 -> 540 | K3: =IFERROR(J3/I3,"") -> 1 | L3: 2722 | M3: 300 | N3: 60 | O3: =IFERROR(((L3/M3)*N3/J3),"") -> 1.0081481 | P3: =L3-AE3 -> 2717 | Q3: =L3 -> 2722 | S3: 3 | U3: 2 | AC3: =WEEKNUM(C3) -> 10 | AD3: =AB3+AA3+Z3+Y3+X3+W3+V3+U3+T3+S3+R3 -> 5 | AE3: =AD3 -> 5 | AF3: =IFERROR(P3/Q3,"") -> 0.99816312 | AG3: =IFERROR(K3*O3*AF3,"") -> 1.0062963
B4: 1 | C4: 44622 | F4: 7 | H4: 360 | I4: 360 | J4: =I4-D4-E4-F4 -> 353 | K4: =IFERROR(J4/I4,"") -> 0.98055556 | L4: 1737 | M4: 300 | N4: 60 | O4: =IFERROR(((L4/M4)*N4/J4),"") -> 0.98413598 | P4: 1731 | Q4: 1737 | U4: 4 | W4: 2 | AE4: =AD4 -> 0 | AF4: =IFERROR(P4/Q4,"") -> 0.99654577 | AG4: =IFERROR(K4*O4*AF4,"") -> 0.96166667
B5: 1 | C5: 44623 | H5: 400 | I5: 400 | J5: =I5-D5-E5-F5 -> 400 | K5: =IFERROR(J5/I5,"") -> 1 | L5: 1951 | M5: 300 | N5: 60 | O5: =IFERROR(((L5/M5)*N5/J5),"") -> 0.9755 | P5: 1949 | Q5: 1949 | Z5: 2 | AE5: =AD5 -> 0 | AF5: =IFERROR(P5/Q5,"") -> 1 | AG5: =IFERROR(K5*O5*AF5,"") -> 0.9755
B6: 1 | C6: 44624 | H6: 360 | I6: 360 | J6: =I6-D6-E6-F6 -> 360 | K6: =IFERROR(J6/I6,"") -> 1 | L6: 1566 | M6: 300 | N6: 60 | O6: =IFERROR(((L6/M6)*N6/J6),"") -> 0.87 | P6: 1564 | Q6: 1566 | U6: 1 | W6: 1 | AE6: =AD6 -> 0 | AF6: =IFERROR(P6/Q6,"") -> 0.99872286 | AG6: =IFERROR(K6*O6*AF6,"") -> 0.86888889
B7: 1 | C7: 44627 | E7: 37 | F7: 20 | H7: 410 | I7: 410 | J7: =I7-D7-E7-F7 -> 353 | K7: =IFERROR(J7/I7,"") -> 0.86097561 | L7: 1754 | M7: 300 | N7: 60 | O7: =IFERROR(((L7/M7)*N7/J7),"") -> 0.99376771 | P7: 1752 | Q7: 1754 | W7: 2 | AE7: =AD7 -> 0 | AF7: =IFERROR(P7/Q7,"") -> 0.99885975 | AG7: =IFERROR(K7*O7*AF7,"") -> 0.85463415
B8: 1 | C8: 44628 | D8: 40 | E8: 75 | F8: 27 | H8: 480 | I8: 480 | J8: =I8-D8-E8-F8 -> 338 | K8: =IFERROR(J8/I8,"") -> 0.70416667 | L8: 1731 | M8: 300 | N8: 60 | O8: =IFERROR(((L8/M8)*N8/J8),"") -> 1.0242604 | P8: 1726 | Q8: 1731 | Y8: 5 | AE8: =AD8 -> 0 | AF8: =IFERROR(P8/Q8,"") -> 0.9971115 | AG8: =IFERROR(K8*O8*AF8,"") -> 0.71916667
B9: 1 | C9: 44629 | E9: 40 | H9: 510 | I9: 510 | J9: =I9-D9-E9-F9 -> 470 | K9: =IFERROR(J9/I9,"") -> 0.92156863 | L9: 2412 | M9: 300 | N9: 60 | O9: =IFERROR(((L9/M9)*N9/J9),"") -> 1.026383 | P9: 2411 | Q9: 2412 | W9: 1 | AE9: =AD9 -> 0 | AF9: =IFERROR(P9/Q9,"") -> 0.99958541 | AG9: =IFERROR(K9*O9*AF9,"") -> 0.9454902
B10: 1 | C10: 44630 | E10: 130 | H10: 510 | I10: 510 | J10: =I10-D10-E10-F10 -> 380 | K10: =IFERROR(J10/I10,"") -> 0.74509804 | L10: 1757 | M10: 300 | N10: 60 | O10: =IFERROR(((L10/M10)*N10/J10),"") -> 0.92473684 | P10: 1755 | Q10: 1757 | W10: 1 | Z10: 1 | AE10: =AD10 -> 0 | AF10: =IFERROR(P10/Q10,"") -> 0.9988617 | AG10: =IFERROR(K10*O10*AF10,"") -> 0.68823529
B11: 1 | C11: 44631 | E11: 95 | F11: 30 | H11: 510 | I11: 510 | J11: =I11-D11-E11-F11 -> 385 | K11: =IFERROR(J11/I11,"") -> 0.75490196 | L11: 1867 | M11: 300 | N11: 60 | O11: =IFERROR(((L11/M11)*N11/J11),"") -> 0.96987013 | P11: 1862 | Q11: 1867 | T11: 1 | U11: 1 | W11: 2 | Z11: 1 | AE11: =AD11 -> 0 | AF11: =IFERROR(P11/Q11,"") -> 0.99732191
B12: 1 | J12: =I12-D12-E12-F12 -> 0 | K12: =IFERROR(J12/I12,"") | AF12: =IFERROR(P12/Q12,"")
B13: 1 | J13: =I13-D13-E13-F13 -> 0 | K13: =IFERROR(J13/I13,"")
B14: 1 | J14: =I14-D14-E14-F14 -> 0 | K14: =IFERROR(J14/I14,"")
B15: 1 | J15: =I15-D15-E15-F15 -> 0 | K15: =IFERROR(J15/I15,"")
B16: 1
B17: 1
B18: 1
B19: 1
B20: 1
B21: 1
B22: 1
B23: 1
B24: 1
B25: 1
B26: 1
B27: 1
... B42: 1
I222: =H222+G222 -> 0 | J222: =I222-D222-E222-F222 -> 0 | K222: =IFERROR(J222/I222,"") | M222: 300 | N222: 60 | O222: =IFERROR(((L222/M222)*N222/J222),"") | P222: =L222-AE222 -> 0 | Q222: =L222 -> 0 | AG222: =IFERROR(K222*O222*AF222,"")
I223: =H223+G223 -> 0 | J223: =I223-D223-E223-F223 -> 0 | K223: =IFERROR(J223/I223,"") | M223: 300 | N223: 60 | O223: =IFERROR(((L223/M223)*N223/J223),"") | P223: =L223-AE223 -> 0 | Q223: =L223 -> 0 | AG223: =IFERROR(K223*O223*AF223,"")
I224: =H224+G224 -> 0 | J224: =I224-D224-E224-F224 -> 0 | K224: =IFERROR(J224/I224,"") | M224: 300 | N224: 60 | O224: =IFERROR(((L224/M224)*N224/J224),"") | P224: =L224-AE224 -> 0 | Q224: =L224 -> 0 | AG224: =IFERROR(K224*O224*AF224,"")
I225: =H225+G225 -> 0 | J225: =I225-D225-E225-F225 -> 0 | K225: =IFERROR(J225/I225,"") | M225: 300 | N225: 60 | O225: =IFERROR(((L225/M225)*N225/J225),"") | P225: =L225-AE225 -> 0 | Q225: =L225 -> 0 | AG225: =IFERROR(K225*O225*AF225,"")
I226: =H226+G226 -> 0 | J226: =I226-D226-E226-F226 -> 0 | K226: =IFERROR(J226/I226,"") | M226: 300 | N226: 60 | O226: =IFERROR(((L226/M226)*N226/J226),"") | P226: =L226-AE226 -> 0 | Q226: =L226 -> 0 | AG226: =IFERROR(K226*O226*AF226,"")
I227: =H227+G227 -> 0 | J227: =I227-D227-E227-F227 -> 0 | K227: =IFERROR(J227/I227,"") | M227: 300 | N227: 60 | O227: =IFERROR(((L227/M227)*N227/J227),"") | P227: =L227-AE227 -> 0 | Q227: =L227 -> 0 | AG227: =IFERROR(K227*O227*AF227,"")
I228: =H228+G228 -> 0 | J228: =I228-D228-E228-F228 -> 0 | K228: =IFERROR(J228/I228,"") | M228: 300 | N228: 60 | O228: =IFERROR(((L228/M228)*N228/J228),"") | P228: =L228-AE228 -> 0 | Q228: =L228 -> 0 | AG228: =IFERROR(K228*O228*AF228,"")
I229: =H229+G229 -> 0 | J229: =I229-D229-E229-F229 -> 0 | K229: =IFERROR(J229/I229,"") | M229: 300 | N229: 60 | O229: =IFERROR(((L229/M229)*N229/J229),"") | P229: =L229-AE229 -> 0 | Q229: =L229 -> 0 | AG229: =IFERROR(K229*O229*AF229,"")
I230: =H230+G230 -> 0 | J230: =I230-D230-E230-F230 -> 0 | K230: =IFERROR(J230/I230,"") | M230: 300 | N230: 60 | O230: =IFERROR(((L230/M230)*N230/J230),"") | P230: =L230-AE230 -> 0 | Q230: =L230 -> 0 | AG230: =IFERROR(K230*O230*AF230,"")
I231: =H231+G231 -> 0 | J231: =I231-D231-E231-F231 -> 0 | K231: =IFERROR(J231/I231,"") | M231: 300 | N231: 60 | O231: =IFERROR(((L231/M231)*N231/J231),"") | P231: =L231-AE231 -> 0 | Q231: =L231 -> 0 | AG231: =IFERROR(K231*O231*AF231,"")
I232: =H232+G232 -> 0 | J232: =I232-D232-E232-F232 -> 0 | K232: =IFERROR(J232/I232,"") | M232: 300 | N232: 60 | O232: =IFERROR(((L232/M232)*N232/J232),"") | P232: =L232-AE232 -> 0 | Q232: =L232 -> 0 | AG232: =IFERROR(K232*O232*AF232,"")
I233: =H233+G233 -> 0 | J233: =I233-D233-E233-F233 -> 0 | K233: =IFERROR(J233/I233,"") | M233: 300 | N233: 60 | O233: =IFERROR(((L233/M233)*N233/J233),"") | P233: =L233-AE233 -> 0 | Q233: =L233 -> 0 | AG233: =IFERROR(K233*O233*AF233,"")
... I479: =H479+G479 -> 0 | J479: =I479-D479-E479-F479 -> 0 | K479: =IFERROR(J479/I479,"") | M479: 300 | N479: 60 | O479: =IFERROR(((L479/M479)*N479/J479),"") | P479: =L479-AE479 -> 0 | Q479: =L479 -> 0 | AG479: =IFERROR(K479*O479*AF479,"")

Sheet OEE FT LEAKTEST
C1: FECHA | D1: TIEMPOS CAIDOS | G1: DISPONIBILIDAD | L1: RENDIMIENTO | P1: CALIDAD | AQ1: OEE
A2: REF VLOOK UP | B2: turno | C2: FECHA | D2: SET UP | E2: PROCESO | F2: MTTO OTROS | G2: TIEMPO EXTRA | H2: TIEMPO CALCULADO | I2: TIEMPO PLANIFICADO | J2: TIEMPO OPERATIVO | K2: RESULTADO | L2: PIEZAS PRODUCIDAS | M2: ESTANDAR | N2: MIN X HORAS | O2: RESULTADO | P2: PIEZAS BUENAS | Q2: PIEZAS PRODUCIDAS | R2: Punto | S2: Limado excesivo | T2: Dañada por navaja | U2: Marcas de rodillo | V2: Labio levantado | W2: piezas largas | X2: Piezas cortas | Y2: Caidas al piso | Z2: Piezas con fuga | AA2: Piezas con golpes | AB2: Soldadura sañada | AC2: Doble grabado | AD2: Wavy | AE2: Mal grabado | AF2: Otro | AG2: Ajsutes de Ingenieria | AH2: Ajustes de MTTO | AI2: Soldadura desalineada | AJ2: Ondulacion | AK2: Hundida | AL2: Piezas largas | AM2: QA TOTAL | AN2: Week Number | AO2: SCRAP | AP2: RESULTADO | AQ2: RESULTADO
B3: 1 | C3: 44621 | E3: 17 | H3: 460 | I3: =H3+G3 -> 460 | J3: =I3-D3-E3-F3 -> 443 | K3: =IFERROR(J3/I3,"") -> 0.96304348 | L3: 1979 | M3: 300 | N3: 60 | O3: =IFERROR(((L3/M3)*N3/J3),"") -> 0.89345372 | P3: =L3-AO3 -> 1971 | Q3: =L3 -> 1979 | S3: 5 | AA3: 1 | AF3: 2 | AM3: =AL3+AK3+AJ3+AI3+AH3+AG3+AF3+AE3+AD3+AC3+AB3+AA3+Z3+Y3+X3+W3+V3+U3+T3+S3+R3 -> 8 | AN3: =WEEKNUM(C3) -> 10 | AO3: =SUM(R3:AL3) -> 8 | AP3: =IFERROR(P3/Q3,"") -> 0.99595755 | AQ3: =IFERROR(K3*O3*AP3,"") -> 0.85695652
B4: 1 | C4: 44622 | D4: 15 | E4: 15 | F4: 16 | H4: 480 | I4: 480 | J4: =I4-D4-E4-F4 -> 434 | K4: =IFERROR(J4/I4,"") -> 0.90416667 | L4: 2131 | M4: 300 | N4: 60 | O4: =IFERROR(((L4/M4)*N4/J4),"") -> 0.98202765 | P4: 2126 | Q4: 2131 | Y4: 1 | AA4: 2 | AF4: 2 | AO4: =SUM(R4:AL4) -> 5 | AP4: =IFERROR(P4/Q4,"") -> 0.99765368 | AQ4: =IFERROR(K4*O4*AP4,"") -> 0.88583333
B5: 1 | C5: 44623 | D5: 17 | E5: 18 | F5: 4 | H5: 490 | I5: 490 | J5: =I5-D5-E5-F5 -> 451 | K5: =IFERROR(J5/I5,"") -> 0.92040816 | L5: 2257 | M5: 300 | N5: 60 | O5: =IFERROR(((L5/M5)*N5/J5),"") -> 1.0008869 | P5: 2247 | Q5: 2257 | R5: 1 | U5: 9 | AA5: 1 | AF5: 1 | AO5: =SUM(R5:AL5) -> 12 | AP5: =IFERROR(P5/Q5,"") -> 0.99556934 | AQ5: =IFERROR(K5*O5*AP5,"") -> 0.91714286
B6: 1 | C6: 44624 | D6: 15 | E6: 7 | H6: 400 | I6: 400 | J6: =I6-D6-E6-F6 -> 378 | K6: =IFERROR(J6/I6,"") -> 0.945 | L6: 1615 | M6: 300 | N6: 60 | O6: =IFERROR(((L6/M6)*N6/J6),"") -> 0.85449735 | P6: 1611 | Q6: 1615 | AF6: 4 | AO6: =SUM(R6:AL6) -> 4 | AP6: =IFERROR(P6/Q6,"") -> 0.99752322 | AQ6: =IFERROR(K6*O6*AP6,"") -> 0.8055
B7: 1 | C7: 44627 | D7: 19 | E7: 34 | H7: 400 | I7: 400 | J7: =I7-D7-E7-F7 -> 347 | K7: =IFERROR(J7/I7,"") -> 0.8675 | L7: 1696 | M7: 300 | N7: 60 | O7: =IFERROR(((L7/M7)*N7/J7),"") -> 0.97752161 | P7: 1675 | Q7: 1696 | AA7: 1 | AC7: 2 | AF7: 18 | AO7: =SUM(R7:AL7) -> 21 | AP7: =IFERROR(P7/Q7,"") -> 0.98761792 | AQ7: =IFERROR(K7*O7*AP7,"") -> 0.8375
B8: 1 | C8: 44628 | D8: 38 | E8: 59 | H8: 480 | I8: 480 | J8: =I8-D8-E8-F8 -> 383 | K8: =IFERROR(J8/I8,"") -> 0.79791667 | L8: 1901 | M8: 300 | N8: 60 | O8: =IFERROR(((L8/M8)*N8/J8),"") -> 0.9926893 | P8: 1896 | Q8: 1901 | AO8: =SUM(R8:AL8) -> 0 | AP8: =IFERROR(P8/Q8,"") -> 0.99736981 | AQ8: =IFERROR(K8*O8*AP8,"") -> 0.79
B9: 1 | C9: 44629 | E9: 33 | H9: 480 | I9: 480 | J9: =I9-D9-E9-F9 -> 447 | K9: =IFERROR(J9/I9,"") -> 0.93125 | L9: 2056 | M9: 300 | N9: 60 | O9: =IFERROR(((L9/M9)*N9/J9),"") -> 0.91991051 | P9: 2051 | Q9: 2056 | AA9: 3 | AC9: 1 | AD9: 1 | AO9: =SUM(R9:AL9) -> 5 | AP9: =IFERROR(P9/Q9,"") -> 0.99756809 | AQ9: =IFERROR(K9*O9*AP9,"") -> 0.85458333
B10: 1 | C10: 44630 | D10: 10 | E10: 42 | H10: 480 | I10: 480 | J10: =I10-D10-E10-F10 -> 428 | K10: =IFERROR(J10/I10,"") -> 0.89166667 | L10: 2112 | M10: 300 | N10: 60 | O10: =IFERROR(((L10/M10)*N10/J10),"") -> 0.98691589 | P10: 2110 | Q10: 2112 | Y10: 2 | AO10: =SUM(R10:AL10) -> 2 | AP10: =IFERROR(P10/Q10,"") -> 0.99905303 | AQ10: =IFERROR(K10*O10*AP10,"") -> 0.87916667
B11: 1 | C11: 44631 | D11: 10 | E11: 34 | H11: 480 | I11: 480 | J11: =I11-D11-E11-F11 -> 436 | K11: =IFERROR(J11/I11,"") -> 0.90833333 | L11: 1931 | M11: 300 | N11: 60 | O11: =IFERROR(((L11/M11)*N11/J11),"") -> 0.88577982 | P11: 1927 | Q11: 1931 | X11: 3 | AA11: 1 | AO11: =SUM(R11:AL11) -> 4 | AP11: =IFERROR(P11/Q11,"") -> 0.99792853 | AQ11: =IFERROR(K11*O11*AP11,"") -> 0.80291667
B12: 1 | J12: =I12-D12-E12-F12 -> 0 | K12: =IFERROR(J12/I12,"") | AQ12: =IFERROR(K12*O12*AP12,"")
B13: 1 | J13: =I13-D13-E13-F13 -> 0 | K13: =IFERROR(J13/I13,"") | AQ13: =IFERROR(K13*O13*AP13,"")
B14: 1 | J14: =I14-D14-E14-F14 -> 0 | K14: =IFERROR(J14/I14,"") | AQ14: =IFERROR(K14*O14*AP14,"")
B15: 1 | J15: =I15-D15-E15-F15 -> 0 | K15: =IFERROR(J15/I15,"") | AQ15: =IFERROR(K15*O15*AP15,"")
B16: 1 | J16: =I16-D16-E16-F16 -> 0 | K16: =IFERROR(J16/I16,"") | AQ16: =IFERROR(K16*O16*AP16,"")
B17: 1 | AQ17: =IFERROR(K17*O17*AP17,"") -> 0
B18: 1 | AQ18: =IFERROR(K18*O18*AP18,"") -> 0
B19: 1 | AQ19: =IFERROR(K19*O19*AP19,"") -> 0
B20: 1 | AQ20: =IFERROR(K20*O20*AP20,"") -> 0
B21: 1 | AQ21: =IFERROR(K21*O21*AP21,"") -> 0
B22: 1 | AQ22: =IFERROR(K22*O22*AP22,"") -> 0
B23: 1 | AQ23: =IFERROR(K23*O23*AP23,"") -> 0
B24: 1 | AQ24: =IFERROR(K24*O24*AP24,"") -> 0
B25: 1 | AQ25: =IFERROR(K25*O25*AP25,"") -> 0
B26: 1 | AQ26: =IFERROR(K26*O26*AP26,"") -> 0
B27: 1 | AQ27: =IFERROR(K27*O27*AP27,"") -> 0
B28: 1 | AQ28: =IFERROR(K28*O28*AP28,"") -> 0
... B41: 1 | AQ41: =IFERROR(K41*O41*AP41,"") -> 0
AQ42: =IFERROR(K42*O42*AP42,"") -> 0
AQ43: =IFERROR(K43*O43*AP43,"") -> 0
AQ44: =IFERROR(K44*O44*AP44,"") -> 0
AQ45: =IFERROR(K45*O45*AP45,"") -> 0
AQ46: =IFERROR(K46*O46*AP46,"") -> 0
AQ47: =IFERROR(K47*O47*AP47,"") -> 0
AQ48: =IFERROR(K48*O48*AP48,"") -> 0
AQ49: =IFERROR(K49*O49*AP49,"") -> 0
AQ50: =IFERROR(K50*O50*AP50,"") -> 0
AQ51: =IFERROR(K51*O51*AP51,"") -> 0
AQ52: =IFERROR(K52*O52*AP52,"") -> 0
AQ53: =IFERROR(K53*O53*AP53,"") -> 0
... AQ477: =IFERROR(K477*O477*AP477,"") -> 0
I478: =H478+G478 -> 0 | J478: =I478-D478-E478-F478 -> 0 | K478: =IFERROR(J478/I478,"") | M478: 300 | N478: 60 | O478: =IFERROR(((L478/M478)*N478/J478),"") | P478: =L478-AO478 -> 0 | Q478: =L478 -> 0 | AN478: =WEEKNUM(C478) -> 0 | AQ478: =IFERROR(K478*O478*AP478,"")

Sheet OEE FT PRENSA
D1: TIEMPOS CAIDOS | G1: DISPONIBILIDAD | L1: RENDIMIENTO | P1: CALIDAD | AG1: OEE
A2: REF VLOOK UP | B2: TURNO | C2: FECHA | D2: CALIDAD | E2: PROCESO | F2: MTTO OTROS | G2: TIEMPO EXTRA | H2: TIEMPO CALCULADO | I2: TIEMPO PLANIFICADO | J2: TIEMPO OPERATIVO | K2: RESULTADO | L2: PIEZAS PRODUCIDAS | M2: ESTANDAR | N2: MIN X HORAS | O2: RESULTADO | P2: PIEZAS BUENAS | Q2: PIEZAS PRODUCIDAS | R2: Prensa | S2: Rebaba de ventana | T2: Punto | U2: Falla de la maquina | V2: caida al piso | W2: Piezas con golpes | X2: Otro | Y2: Ajsutes de Ingenieria | Z2: Ajustes de MTTO | AA2: Labio levantado | AB2: Caidas al piso | AC2: QA TOTAL | AD2: Week Number | AE2: SCRAP | AF2: RESULTADO | AG2: RESULTADO
B3: 1 | C3: 44621 | H3: 200 | I3: 200 | J3: =H3-F3-E3-D3 -> 200 | K3: =IFERROR(J3/I3,"-") -> 1 | L3: 915 | M3: 300 | N3: 60 | O3: =IFERROR(((L3/M3)*N3/J3),"-") -> 0.915 | P3: 913 | Q3: 915 | T3: 3 | W3: 3 | AD3: =WEEKNUM(C3) -> 10 | AE3: =SUM(R3+S3+T3+U3+V3+W3+X3+Y3+Z3+AA3+AB3) -> 6 | AF3: =IFERROR(P3/Q3,"-") -> 0.99781421 | AG3: =IFERROR(K3*O3*AF3,"-") -> 0.913
B4: 1 | C4: 44622 | D4: 45 | F4: 10 | H4: 480 | I4: 480 | J4: =H4-F4-E4-D4 -> 425 | K4: =IFERROR(J4/I4,"-") -> 0.88541667 | L4: 2019 | M4: 300 | N4: 60 | O4: =IFERROR(((L4/M4)*N4/J4),"-") -> 0.95011765 | P4: 2014 | Q4: 2019 | T4: 2 | W4: 3 | AE4: =SUM(R4+S4+T4+U4+V4+W4+X4+Y4+Z4+AA4+AB4) -> 5 | AF4: =IFERROR(P4/Q4,"-") -> 0.99752353 | AG4: =IFERROR(K4*O4*AF4,"-") -> 0.83916667
B5: 1 | C5: 44623 | D5: 45 | H5: 500 | I5: 500 | J5: =H5-F5-E5-D5 -> 455 | K5: =IFERROR(J5/I5,"-") -> 0.91 | L5: 2237 | M5: 300 | N5: 60 | O5: =IFERROR(((L5/M5)*N5/J5),"-") -> 0.9832967 | P5: 2226 | Q5: 2237 | T5: 6 | W5: 5 | AE5: =SUM(R5+S5+T5+U5+V5+W5+X5+Y5+Z5+AA5+AB5) -> 11 | AF5: =IFERROR(P5/Q5,"-") -> 0.9950827 | AG5: =IFERROR(K5*O5*AF5,"-") -> 0.8904
B6: 1 | C6: 44624 | E6: 60 | H6: 340 | I6: 340 | J6: =H6-F6-E6-D6 -> 280 | K6: =IFERROR(J6/I6,"-") -> 0.82352941 | L6: 1167 | M6: 300 | N6: 60 | O6: =IFERROR(((L6/M6)*N6/J6),"-") -> 0.83357143 | P6: 1166 | Q6: 1167 | T6: 1 | AE6: =SUM(R6+S6+T6+U6+V6+W6+X6+Y6+Z6+AA6+AB6) -> 1 | AF6: =IFERROR(P6/Q6,"-") -> 0.9991431 | AG6: =IFERROR(K6*O6*AF6,"-") -> 0.68588235
B7: 1 | C7: 44627 | E7: 37 | H7: 450 | I7: 450 | J7: =H7-F7-E7-D7 -> 413 | K7: =IFERROR(J7/I7,"-") -> 0.91777778 | L7: 2086 | M7: 300 | N7: 60 | O7: =IFERROR(((L7/M7)*N7/J7),"-") -> 1.0101695 | P7: 2082 | Q7: 2086 | AE7: =SUM(R7+S7+T7+U7+V7+W7+X7+Y7+Z7+AA7+AB7) -> 0 | AF7: =IFERROR(P7/Q7,"-") -> 0.99808245 | AG7: =IFERROR(K7*O7*AF7,"-") -> 0.92533333
B8: 1 | C8: 44628 | D8: 50 | F8: 30 | H8: 480 | I8: 480 | J8: =H8-F8-E8-D8 -> 400 | K8: =IFERROR(J8/I8,"-") -> 0.83333333 | L8: 1908 | M8: 300 | N8: 60 | O8: =IFERROR(((L8/M8)*N8/J8),"-") -> 0.954 | P8: 1903 | Q8: 1908 | T8: 5 | AE8: =SUM(R8+S8+T8+U8+V8+W8+X8+Y8+Z8+AA8+AB8) -> 5 | AF8: =IFERROR(P8/Q8,"-") -> 0.99737945 | AG8: =IFERROR(K8*O8*AF8,"-") -> 0.79291667
B9: 1 | C9: 44629 | H9: 480 | I9: 480 | J9: =H9-F9-E9-D9 -> 480 | K9: =IFERROR(J9/I9,"-") -> 1 | L9: 2047 | M9: 300 | N9: 60 | O9: =IFERROR(((L9/M9)*N9/J9),"-") -> 0.85291667 | P9: 2044 | Q9: 2047 | T9: 1 | W9: 2 | AE9: =SUM(R9+S9+T9+U9+V9+W9+X9+Y9+Z9+AA9+AB9) -> 3 | AF9: =IFERROR(P9/Q9,"-") -> 0.99853444 | AG9: =IFERROR(K9*O9*AF9,"-") -> 0.85166667
B10: 1 | C10: 44630 | D10: 10 | E10: 40 | F10: 40 | H10: 510 | I10: 480 | J10: =H10-F10-E10-D10 -> 420 | K10: =IFERROR(J10/I10,"-") -> 0.875 | L10: 2128 | M10: 300 | N10: 60 | O10: =IFERROR(((L10/M10)*N10/J10),"-") -> 1.0133333 | P10: 2122 | Q10: 2128 | T10: 1 | V10: 1 | W10: 4 | AE10: =SUM(R10+S10+T10+U10+V10+W10+X10+Y10+Z10+AA10+AB10) -> 6 | AF10: =IFERROR(P10/Q10,"-") -> 0.99718045 | AG10: =IFERROR(K10*O10*AF10,"-") -> 0.88416667
B11: 1 | C11: 44631 | E11: 156 | H11: 480 | I11: 510 | J11: =H11-F11-E11-D11 -> 324 | K11: =IFERROR(J11/I11,"-") -> 0.63529412 | L11: 1621 | M11: 300 | N11: 60 | O11: =IFERROR(((L11/M11)*N11/J11),"-") -> 1.0006173 | P11: 1603 | Q11: 1621 | T11: 10 | W11: 8 | AE11: =SUM(R11+S11+T11+U11+V11+W11+X11+Y11+Z11+AA11+AB11) -> 18 | AF11: =IFERROR(P11/Q11,"-") -> 0.98889574 | AG11: =IFERROR(K11*O11*AF11,"-") -> 0.62862745
B12: 1 | J12: =H12-F12-E12-D12 -> 0 | K12: =IFERROR(J12/I12,"-") -> - | AE12: =SUM(R12+S12+T12+U12+V12+W12+X12+Y12+Z12+AA12+AB12) -> 0 | AF12: =IFERROR(P12/Q12,"-") -> - | AG12: =IFERROR(K12*O12*AF12,"-") -> -
B13: 1 | J13: =H13-F13-E13-D13 -> 0 | K13: =IFERROR(J13/I13,"-") -> - | AF13: =IFERROR(P13/Q13,"-") -> - | AG13: =IFERROR(K13*O13*AF13,"-") -> -
B14: 1
B15: 1
B16: 1
B17: 1
B18: 1
B19: 1
B20: 1
B21: 1
B22: 1
B23: 1
B24: 1
B25: 1
... B93: 1

Sheet OEE FT EMPAQUE
D1: TIEMPOS CAIDOS | G1: DISPONIBILIDAD | L1: RENDIMIENTO | P1: CALIDAD | AI1: OEE
A2: REF VLOOK UP | B2: TURNO | C2: FECHA | D2: CALIDAD | E2: PROCESO | F2: MTTO OTROS | G2: TIEMPO EXTRA | H2: TIEMPO CALCULADO | I2: TIEMPO PLANIFICADO | J2: TIEMPO OPERATIVO | K2: RESULTADO | L2: PIEZAS PRODUCIDAS | M2: ESTANDAR | N2: MIN X HORAS | O2: RESULTADO | P2: PIEZAS BUENAS | Q2: PIEZAS PRODUCIDAS | R2: Doble grabado | S2: Labio | T2: Wavy | U2: Mal estampado | V2: Punto | W2: Limado manual | X2: Prensa | Y2: Piezas con golpes | Z2: Otro | AA2: Dañada por navaja | AB2: limado excesivo | AC2: Marcas de rodillo | AD2: caida al piso | AE2: QA TOTAL | AF2: Week Number | AG2: SCRAP | AH2: RESULTADO | AI2: RESULTADO
B3: 1 | C3: 44621 | E3: 20 | H3: 360 | I3: =H3+G3 -> 360 | J3: =I3-F3-E3-D3 -> 340 | K3: =IFERROR(J3/I3,"-") -> 0.94444444 | L3: 1700 | M3: 300 | N3: 60 | O3: =IFERROR(((L3/M3)*N3/J3),"-") -> 1 | P3: 1700 | Q3: 1700 | R3: 2 | V3: 5 | Y3: 4 | Z3: 2 | AB3: 30 | AF3: =WEEKNUM(C3) -> 10 | AG3: =(R3+S3+T3+U3+V3+W3+X3+Y3+Z3+AA3+AB3+AC3+AD3) -> 43 | AH3: =IFERROR(P3/Q3,"-") -> 1 | AI3: =IFERROR(K3*O3*AH3,"-") -> 0.94444444
B4: 1 | C4: 44622 | E4: 20 | H4: 500 | I4: 500 | J4: =I4-F4-E4-D4 -> 480 | K4: =IFERROR(J4/I4,"-") -> 0.96 | L4: 2400 | M4: 300 | N4: 60 | O4: =IFERROR(((L4/M4)*N4/J4),"-") -> 1 | P4: 2400 | Q4: 2400 | W4: 51 | Y4: 3 | AB4: 16 | AG4: =(R4+S4+T4+U4+V4+W4+X4+Y4+Z4+AA4+AB4+AC4+AD4) -> 70 | AH4: =IFERROR(P4/Q4,"-") -> 1 | AI4: =IFERROR(K4*O4*AH4,"-") -> 0.96
B5: 1 | C5: 44623 | H5: 420 | I5: 420 | J5: =I5-F5-E5-D5 -> 420 | K5: =IFERROR(J5/I5,"-") -> 1 | L5: 2100 | M5: 300 | N5: 60 | O5: =IFERROR(((L5/M5)*N5/J5),"-") -> 1 | P5: 2100 | Q5: 2100 | R5: 1 | W5: 31 | Y5: 8 | AB5: 2 | AG5: =(R5+S5+T5+U5+V5+W5+X5+Y5+Z5+AA5+AB5+AC5+AD5) -> 42 | AH5: =IFERROR(P5/Q5,"-") -> 1 | AI5: =IFERROR(K5*O5*AH5,"-") -> 1
B6: 1 | C6: 44624 | H6: 480 | I6: 480 | J6: =I6-F6-E6-D6 -> 480 | K6: =IFERROR(J6/I6,"-") -> 1 | L6: 2400 | M6: 300 | N6: 60 | O6: =IFERROR(((L6/M6)*N6/J6),"-") -> 1 | P6: 2400 | Q6: 2400 | W6: 9 | Z6: 1 | AB6: 2 | AG6: =(R6+S6+T6+U6+V6+W6+X6+Y6+Z6+AA6+AB6+AC6+AD6) -> 12 | AH6: =IFERROR(P6/Q6,"-") -> 1 | AI6: =IFERROR(K6*O6*AH6,"-") -> 1
B7: 1 | C7: 44627 | H7: 360 | I7: 360 | J7: =I7-F7-E7-D7 -> 360 | K7: =IFERROR(J7/I7,"-") -> 1 | L7: 1700 | M7: 300 | N7: 60 | O7: =IFERROR(((L7/M7)*N7/J7),"-") -> 0.94444444 | P7: 1700 | Q7: 1700 | Z7: 2 | AH7: =IFERROR(P7/Q7,"-") -> 1 | AI7: =IFERROR(K7*O7*AH7,"-") -> 0.94444444
B8: 1 | C8: 44628 | H8: 420 | I8: 420 | J8: =I8-F8-E8-D8 -> 420 | K8: =IFERROR(J8/I8,"-") -> 1 | L8: 2100 | M8: 300 | N8: 60 | O8: =IFERROR(((L8/M8)*N8/J8),"-") -> 1 | P8: 2100 | Q8: 2100 | AH8: =IFERROR(P8/Q8,"-") -> 1 | AI8: =IFERROR(K8*O8*AH8,"-") -> 1
B9: 1 | C9: 44629 | H9: 150 | I9: 150 | J9: =I9-F9-E9-D9 -> 150 | K9: =IFERROR(J9/I9,"-") -> 1 | L9: 700 | M9: 300 | N9: 60 | O9: =IFERROR(((L9/M9)*N9/J9),"-") -> 0.93333333 | P9: 700 | Q9: 700 | AH9: =IFERROR(P9/Q9,"-") -> 1 | AI9: =IFERROR(K9*O9*AH9,"-") -> 0.93333333
B10: 1 | C10: 44630 | H10: 480 | I10: 480 | J10: =I10-F10-E10-D10 -> 480 | K10: =IFERROR(J10/I10,"-") -> 1 | L10: 2400 | M10: 300 | N10: 60 | O10: =IFERROR(((L10/M10)*N10/J10),"-") -> 1 | P10: 2400 | Q10: 2400 | AH10: =IFERROR(P10/Q10,"-") -> 1 | AI10: =IFERROR(K10*O10*AH10,"-") -> 1
B11: 1 | C11: 44631 | H11: 240 | I11: 240 | J11: =I11-F11-E11-D11 -> 240 | K11: =IFERROR(J11/I11,"-") -> 1 | L11: 1200 | M11: 300 | N11: 60 | O11: =IFERROR(((L11/M11)*N11/J11),"-") -> 1 | P11: 1200 | Q11: 1200 | AH11: =IFERROR(P11/Q11,"-") -> 1 | AI11: =IFERROR(K11*O11*AH11,"-") -> 1
B12: 1
B13: 1
B14: 1
B15: 1
B16: 1
B17: 1
B18: 1
B19: 1
B20: 1
B21: 1
B22: 1
B23: 1
... B30: 1

Sheet GRAFICA FORMADORA
A1: Día | B1: OEE
A2: 1 | B2: 0.82652406
A3: 4 | B3: 0.9
A4: 5 | B4: 0.08855615
A5: 7 | B5: 0.46545455
A6: 7 | B6: 0.16941176
A7: 9 | B7: 0.66762588
A8: 10 | B8: 0.31871658
A9: 10 | B9: 0.37775401
A10: 11 | B10: 0.45048128
A11: 11 | B11: 0.77901159
A12: 12 | B12: 0.38588235
A13: 14 | B13: 0.11324675
... A32: 43497 | B32: 0.9725
A34: TOTAL | B34: =IFERROR(AVERAGE(B2:B23),"") -> 0.51025644

Sheet Hoja1
A1: Etiquetas de fila | B1: Suma de RESULTADO DISPONIBILIDAD | C1: Suma de RESULTADO RENDIMIENTO | D1: Suma de RESULTADO CALIDAD
A2: 43467 | B2: 0.85882353 | C2: 0.96239103 | D2: 1
A3: 43468
A4: 43469 | B4: 0.45531915 | C4: 1.011045 | D4: 0.89915966
A5: 43470 | B5: 0.11058824 | C5: 0.80077369 | D5: 1
A6: 43472 | B6: 0.62409412 | C6: 2.1779614 | D6: 1.7870574
A7: 43474 | B7: 0.66160119 | C7: 1.0091062 | D7: 1
A8: 43475 | B8: 0.91058824 | C8: 1.8035332 | D8: 1.7034199
A9: 43476 | B9: 1.2302882 | C9: 2.0065635 | D9: 1.9913043
A10: 43477 | B10: 0.45882353 | C10: 0.98834499 | D10: 0.8509434
A11: 43479 | B11: 0.1352381 | C11: 0.83738796 | D11: 1
A12: 43480 | B12: 0.47529412 | C12: 1.0126013 | D12: 0.92
A13: 43481 | B13: 1.4423529 | C13: 2.2001981 | D13: 1.8472149
A14: 43482 | B14: 1.5152941 | C14: 1.3479496 | D14: 1.6754803
A15: 43483 | B15: 0.90731765 | C15: 2.2345555 | D15: 1.6746783
... A17: 43486 | B17: 0.95294118 | C17: 1.0114478 | D17: 0.98180204
A18: Total general | B18: 11.2851 | C18: 20.313214 | D18: 19.300318

Sheet KG DE SCRAP
A1: DATE | B1: KG SCRAP ROLL COIL | C1: BOBINA KG | D1: KG COIL DAMAGES AND PROCESS ADJUST | E1: QUARENTINE PIECES | F1: Columna2
A2: 45474 | C2: 23.5 | F2: POR CADA 1300 PZAS HAY 2 KG DE SCRAP
A3: 45475
A4: 45476 | C4: 22
A5: 45477
A6: 45478 | D6: 11
A7: 45479
A8: 45480 | C8: 7
A9: 45481
A10: 45482 | C10: 13.5
A11: 45483
A12: 45484
A13: 45485
A14: 45486
A15: 45487
A16: 45488
A17: 45489 | B17: 26
A18: 45490 | C18: 25.5
A19: 45491
A20: 45492
A21: 45493
A22: 45494
A23: 45495
A24: 45496 | C24: 29
A25: 45497
A26: 45498
A27: 45499
A28: 45500
A29: 45501
A30: 45502
A31: 45503
A32: 45504
A33: 45505
A34: 45506
A35: 45507
A36: 45508
... A43: 45515
A44: 45516 | B44: 7
A45: 45517
A46: 45518
A47: 45519
A48: 45520
A49: 45521
A50: 45522
A51: 45523 | B51: 12.5 | C51: 34
A52: 45524 | B52: 7 | C52: 23.5
A53: 45525
A54: 45526 | D54: 15
A55: 45527 | C55: =9.5+14 -> 23.5
A56: 45528
A57: 45529
A58: 45530 | C58: 26
A59: 45531 | C59: 20 | D59: 13
A60: 45532
A61: 45533
A62: 45534
A63: 45535
A64: 45536
A65: 45537
A66: 45538
A67: 45539
A68: 45540
A69: 45541
A70: 45542
A71: 45543
... A81: 45553
A83: Total in kg | B83: =SUBTOTAL(109,Tabla15[KG SCRAP ROLL COIL]) -> 52.5 | D83: =SUBTOTAL(109,Tabla15[[KG COIL DAMAGES AND PROCESS ADJUST ]]) -> 39 | E83: =SUBTOTAL(109,Tabla15[[QUARENTINE PIECES ]])*0.2 -> 0
A84: Grand total in kg | B84: =Tabla15[[#Totals],[KG SCRAP ROLL COIL]]+Tabla15[[#Totals],[KG COIL DAMAGES AND PROCESS ADJUST ]]+Tabla15[[#Totals],[QUARENTINE PIECES ]] -> 91.5

Sheet Hoja2
A1: REF VLOOK UP | B1: TURNO | C1: FECHA | D1: LIBERACIÓN | E1: PROCESO | F1: MTTO OTROS | G1: TIEMPO EXTRA | H1: TIEMPO CALCULADO | I1: TIEMPO PLANIFICADO | J1: TIEMPO OPERATIVO | K1: RESULTADO DISPONIBILIDAD | L1: PIEZAS PRODUCIDAS | M1: ESTANDAR | N1: MIN X HORAS | O1: RESULTADO RENDIMIENTO | P1: PIEZAS BUENAS | Q1: PIEZAS PRODUCIDAS2 | R1: Scrap de arranque | S1: Scrap de cambio de bobina | T1: Estampado | U1: Formado | V1: Condición de ondulación | W1: Scrap de corte | X1: Falla de soldadura | Y1: Longitud del tubo | Z1: Corona | AA1: DC01 | AB1: DC03 | AC1: Rechazo de maquina | AD1: Peso de scrap de la maquina (kg) | AE1: Scrap de empaque | AF1: Limado manual | AG1: Rodillo | AH1: Labio levantado | AI1: Rebaba de ventana | AJ1: Washer | AK1: Prensa | AL1: Diimples marcados | AM1: Couples | AN1: Doble grabado | AO1: Pieza larga | AP1: Pieza corta | AQ1: Soldadura dañada | AR1: Mal limada | AS1: Pieza con golpes | AT1: Caidas al piso | AU1: Soldadura desaliniada | AV1: Otro | AW1: Pruebas de calidad | AX1: Ajsutes de Ingenieria | AY1: Ajustes de MTTO | AZ1: QA TOTAL | BA1: Week Number | BB1: SCRAP | BC1: RESULTADO CALIDAD | BD1: RESULTADO OEE
A2: 1 | B2: 1 | C2: 43467 | D2: 51 | E2: 9 | G2: 0 | H2: 425 | I2: 425 | J2: 365 | K2: 0.85882353 | L2: 1932 | M2: 330 | N2: 60 | O2: 0.96239103 | P2: 1932 | Q2: 1932 | AD2: 22 | AZ2: 0 | BA2: 1 | BB2: 0 | BC2: 1 | BD2: 0.82652406
A3: 2 | B3: 1 | C3: 43468 | F3: 525 | AZ3: 0
A4: 3 | B4: 1 | C4: 43469 | D4: 81 | E4: 175 | G4: 45 | H4: 425 | I4: 470 | J4: 214 | K4: 0.45531915 | L4: 1190 | M4: 330 | N4: 60 | O4: 1.011045 | P4: 1070 | Q4: 1190 | R4: 100 | X4: 120 | AD4: 54 | AZ4: 120 | BA4: 1 | BB4: 120 | BC4: 0.89915966 | BD4: 0.4139265
A5: 4 | B5: 1 | C5: 43470 | D5: 140 | E5: 18 | F5: 220 | G5: 0 | H5: 425 | I5: 425 | J5: 47 | K5: 0.11058824 | L5: 207 | M5: 330 | N5: 60 | O5: 0.80077369 | P5: 207 | Q5: 207 | R5: 100 | S5: 107 | AD5: 71 | AZ5: 0 | BA5: 1 | BB5: 0 | BC5: 1 | BD5: 0.08855615
A6: 5 | B6: 1 | C6: 43472 | D6: 47 | E6: 41 | F6: 155 | H6: 425 | I6: 425 | J6: 182 | K6: 0.42823529 | L6: 1170 | M6: 330 | N6: 60 | O6: 1.1688312 | P6: 1088 | Q6: 1170 | R6: 100 | U6: 15 | X6: 33 | Y6: 12 | AD6: 15 | AS6: 37 | AZ6: 82 | BA6: 2 | BB6: 82 | BC6: 0.92991453 | BD6: 0.46545455
A7: 6 | B7: 2 | C7: 43472 | D7: 90 | E7: 10 | F7: 241.76 | H7: 425 | I7: 425 | J7: 83.24 | K7: 0.19585882 | L7: 462 | M7: 330 | N7: 60 | O7: 1.0091302 | P7: 396 | Q7: 462 | T7: 66 | AD7: 38 | AZ7: 66 | BA7: 2 | BB7: 66 | BC7: 0.85714286 | BD7: 0.16941176
A8: 7 | B8: 1 | C8: 43474 | F8: 525 | AZ8: 0 | BA8: 2
A9: 8 | B9: 2 | C9: 43474 | D9: 161 | G9: 50.77 | H9: 425 | I9: 475.77 | J9: 314.77 | K9: 0.66160119 | L9: 1747 | M9: 330 | N9: 60 | O9: 1.0091062 | P9: 1747 | Q9: 1747 | R9: 89 | AD9: 15.7 | AX9: 256 | AZ9: 256 | BA9: 2 | BB9: 0 | BC9: 1 | BD9: 0.66762588
A10: 9 | B10: 1 | C10: 43475 | D10: 145 | E10: 82 | H10: 425 | I10: 425 | J10: 198 | K10: 0.46588235 | L10: 863 | M10: 330 | N10: 60 | O10: 0.79247016 | P10: 745 | Q10: 863 | R10: 100 | AD10: 9.45 | AP10: 12 | AQ10: 23 | AR10: 4 | AS10: 69 | AT10: 10 | AZ10: 118 | BA10: 2 | BB10: 118 | BC10: 0.86326767 | BD10: 0.31871658
A11: 10 | B11: 2 | C11: 43475 | D11: 225 | E11: 11 | H11: 425 | I11: 425 | J11: 189 | K11: 0.44470588 | L11: 1051 | M11: 330 | N11: 60 | O11: 1.011063 | P11: 883 | Q11: 1051 | S11: 160 | U11: 138 | Y11: 7 | AD11: 69 | AE11: 17 | AF11: 6 | AZ11: 30 | BA11: 2 | BB11: 168 | BC11: 0.84015224 | BD11: 0.37775401
A12: 11 | B12: 1 | C12: 43476 | D12: 220 | E12: 13 | H12: 425 | I12: 425 | J12: 192 | K12: 0.45176471 | L12: 1053 | M12: 330 | N12: 60 | O12: 0.99715909 | P12: 1053 | Q12: 1053 | R12: 1 | AD12: 37 | AZ12: 0 | BA12: 2 | BB12: 0 | BC12: 1 | BD12: 0.45048128
A13: 12 | B13: 2 | C13: 43476 | D13: 162 | E13: 3 | G13: 320 | H13: 425 | I13: 745 | J13: 580 | K13: 0.77852349 | L13: 3220 | M13: 330 | N13: 60 | O13: 1.0094044 | P13: 3192 | Q13: 3220 | R13: 18 | S13: 50 | AD13: 29 | AQ13: 30 | AU13: 30 | AZ13: 30 | BA13: 2 | BB13: 28 | BC13: 0.99130435 | BD13: 0.77901159
A14: 13 | B14: 1 | C14: 43477 | D14: 150 | E14: 80 | H14: 425 | I14: 425 | J14: 195 | K14: 0.45882353 | L14: 1060 | M14: 330 | N14: 60 | O14: 0.98834499 | P14: 902 | Q14: 1060 | R14: 100 | S14: 20 | W14: 32 | AD14: 9.75 | AP14: 1 | AQ14: 94 | AS14: 11 | AZ14: 138 | BA14: 2 | BB14: 158 | BC14: 0.8509434 | BD14: 0.38588235
A15: 14 | B15: 1 | C15: 43479 | D15: 396 | E15: 58 | H15: 525 | I15: 525 | J15: 71 | K15: 0.1352381 | L15: 327 | M15: 330 | N15: 60 | O15: 0.83738796 | P15: 327 | Q15: 327 | AD15: 3.55 | AX15: 322 | AZ15: 322 | BA15: 3 | BB15: 0 | BC15: 1 | BD15: 0.11324675
A16: 15 | B16: 2 | C16: 43480 | D16: 39 | E16: 30 | F16: 180 | H16: 425 | I16: 425 | J16: 202 | K16: 0.47529412 | L16: 1125 | M16: 330 | N16: 60 | O16: 1.0126013 | P16: 1035 | Q16: 1125 | R16: 100 | U16: 1 | V16: 75 | X16: 9 | AD16: 22 | AT16: 6 | AZ16: 90 | BA16: 3 | BB16: 90 | BC16: 0.92 | BD16: 0.44278075
A17: 16 | B17: 1 | C17: 43481 | D17: 46 | E17: 54 | H17: 425 | I17: 425 | J17: 325 | K17: 0.76470588 | L17: 1949 | M17: 330 | N17: 60 | O17: 1.0903497 | P17: 1751 | Q17: 1949 | R17: 100 | V17: 82 | W17: 7 | AH17: 16 | AP17: 59 | AS17: 33 | AT17: 1 | AZ17: 198 | BA17: 3 | BB17: 198 | BC17: 0.89840944 | BD17: 0.74909091
A18: 17 | B18: 2 | C18: 43481 | D18: 53 | E18: 84 | H18: 425 | I18: 425 | J18: 288 | K18: 0.67764706 | L18: 1758 | M18: 330 | N18: 60 | O18: 1.1098485 | P18: 1668 | Q18: 1758 | V18: 19 | AK18: 4 | AL18: 20 | AP18: 5 | AQ18: 8 | AR18: 24 | AS18: 10 | AZ18: 90 | BA18: 3 | BB18: 90 | BC18: 0.94880546 | BD18: 0.71358289
A19: 18 | B19: 1 | C19: 43482 | F19: 124 | H19: 425 | I19: 425 | J19: 301 | K19: 0.70823529 | L19: 544 | M19: 330 | N19: 60 | O19: 0.32860163 | P19: 428 | Q19: 544 | R19: 100 | W19: 3 | Y19: 22 | AE19: 79 | AL19: 12 | AZ19: 116 | BA19: 3 | BB19: 116 | BC19: 0.78676471 | BD19: 0.1831016
A20: 19 | B20: 2 | C20: 43482 | D20: 2 | E20: 80 | H20: 425 | I20: 425 | J20: 343 | K20: 0.80705882 | L20: 1923 | M20: 330 | N20: 60 | O20: 1.019348 | P20: 1709 | Q20: 1923 | S20: 38 | V20: 13 | W20: 62 | AH20: 7 | AO20: 7 | AQ20: 29 | AR20: 6 | AS20: 1 | AT20: 10 | AX20: 86 | AZ20: 214 | BA20: 3 | BB20: 214 | BC20: 0.88871555 | BD20: 0.73112299
A21: 20 | B21: 1 | C21: 43483 | E21: 152 | H21: 425 | I21: 425 | J21: 273 | K21: 0.64235294 | L21: 1840 | M21: 330 | N21: 60 | O21: 1.2254412 | P21: 1736 | Q21: 1840 | R21: 100 | AH21: 1 | AI21: 2 | AP21: 29 | AR21: 2 | AS21: 58 | AT21: 12 | AU21: 4 | AZ21: 104 | BA21: 3 | BB21: 104 | BC21: 0.94347826 | BD21: 0.7426738
A22: 21 | B22: 2 | C22: 43483 | D22: 259 | F22: 138 | H22: 425 | I22: 425 | J22: 112.61 | K22: 0.26496471 | L22: 625 | M22: 330 | N22: 60 | O22: 1.0091143 | P22: 457 | Q22: 625 | V22: 10 | W22: 23 | AP22: 4 | AR22: 6 | AS22: 69 | AT22: 2 | AU22: 7 | AX22: 54 | AZ22: 168 | BA22: 3 | BB22: 168 | BC22: 0.7312 | BD22: 0.19550802
A23: 22 | B23: 2 | C23: 43484 | D23: 163 | E23: 123 | G23: 105.7 | H23: 525 | I23: 630.7 | J23: 344.7 | K23: 0.5465356 | L23: 1724 | M23: 330 | N23: 60 | O23: 0.90935464 | P23: 1671 | Q23: 1724 | R23: 100 | V23: 3 | W23: 30 | X23: 20 | AZ23: 53 | BA23: 3 | BB23: 53 | BC23: 0.96925754 | BD23: 0.48171584
A24: 23 | B24: 2 | C24: 43486 | D24: 20 | H24: 425 | I24: 425 | J24: 405 | K24: 0.95294118 | L24: 2253 | M24: 330 | N24: 60 | O24: 1.0114478 | P24: 2212 | Q24: 2253 | R24: 100 | AH24: 11 | AO24: 5 | AP24: 3 | AQ24: 1 | AR24: 13 | AS24: 9 | AT24: 4 | AV24: 6 | AZ24: 41 | BA24: 4 | BB24: 41 | BC24: 0.98180204 | BD24: 0.94631016
A25: 24 | B25: 2 | C25: 43487 | D25: 166 | E25: 98 | F25: 80 | G25: 270 | H25: 425 | I25: 695 | J25: 351 | K25: 0.50503597 | L25: 1910 | M25: 330 | N25: 60 | O25: 0.98938099 | P25: 1910 | Q25: 1910 | S25: 104 | AQ25: 3 | AR25: 10 | AS25: 47 | AT25: 1 | AV25: 14 | AZ25: 61 | BA25: 4 | BB25: 61 | BC25: 1 | BD25: 0.49967299
A26: 25 | B26: 2 | C26: 43488 | D26: 116 | E26: 12 | F26: 23 | H26: 375 | I26: 375 | J26: 224 | K26: 0.59733333 | L26: 1243 | M26: 330 | N26: 60 | O26: 1.0089286 | P26: 1170 | Q26: 1243 | R26: 72 | AP26: 2 | AS26: 66 | AT26: 5 | AV26: 3 | AZ26: 73 | BA26: 4 | BB26: 73 | BC26: 0.94127112 | BD26: 0.56727273
A27: 26 | B27: 2 | C27: 43489 | D27: 104 | E27: 25 | F27: 26 | H27: 375 | I27: 375 | J27: 220 | K27: 0.58666667 | L27: 1222 | M27: 330 | N27: 60 | O27: 1.0099174 | P27: 1144 | Q27: 1222 | R27: 100 | S27: 57 | AH27: 1 | AO27: 8 | AP27: 7 | AR27: 33 | AS27: 36 | AT27: 1 | AV27: 11 | AZ27: 78 | BA27: 4 | BB27: 78 | BC27: 0.93617021 | BD27: 0.55466667
A28: 27 | B28: 2 | C28: 43490 | G28: 185 | H28: 425 | I28: 610 | J28: 610 | K28: 1 | L28: 3368 | M28: 330 | N28: 60 | O28: 1.0038748 | P28: 3121 | Q28: 3368 | R28: 100 | S28: 165 | U28: 4 | W28: 1 | X28: 1 | AF28: 5 | AG28: 11 | AH28: 39 | AI28: 1 | AK28: 36 | AO28: 12 | AP28: 29 | AR28: 17 | AS28: 100 | AT28: 7 | AV28: 3 | AZ28: 247 | BA28: 4 | BB28: 247 | BC28: 0.92666271 | BD28: 0.93025335
A29: 28 | B29: 2 | C29: 43493 | D29: 25 | H29: 375 | I29: 375 | J29: 350 | K29: 0.93333333 | L29: 1945 | M29: 330 | N29: 60 | O29: 1.0103896 | P29: 1935 | Q29: 1945 | R29: 100 | S29: 75 | AR29: 2 | AS29: 8 | AV29: 4 | AZ29: 10 | BA29: 5 | BB29: 10 | BC29: 0.99485861 | BD29: 0.93818182
A30: 29 | B30: 2 | C30: 43494 | G30: 122 | H30: 375 | I30: 497 | J30: 497 | K30: 1 | L30: 2759 | M30: 330 | N30: 60 | O30: 1.0093287 | P30: 2575 | Q30: 2759 | R30: 100 | S30: 84 | AH30: 2 | AO30: 13 | AR30: 11 | AS30: 38 | AT30: 1 | AV30: 34 | AZ30: 52 | BA30: 5 | BB30: 52 | BC30: 0.93330917 | BD30: 0.94201573
A31: 30 | B31: 2 | C31: 43495 | D31: 230 | E31: 24 | H31: 375 | I31: 375 | J31: 121 | K31: 0.32266667 | L31: 674 | M31: 330 | N31: 60 | O31: 1.0127724 | P31: 626 | Q31: 674 | AK31: 12 | AO31: 10 | AP31: 2 | AR31: 11 | AS31: 23 | AU31: 2 | AV31: 2 | AZ31: 48 | BA31: 5 | BB31: 48 | BC31: 0.92878338 | BD31: 0.30351515
A32: 31 | B32: 2 | C32: 43496 | G32: 154 | H32: 375 | I32: 529 | J32: 529 | K32: 1 | L32: 2936 | M32: 330 | N32: 60 | O32: 1.0091081 | P32: 2936 | Q32: 2936 | R32: 100 | S32: 98 | AP32: 59 | AR32: 38 | AS32: 14 | AV32: 11 | AZ32: 111 | BA32: 5 | BB32: 111 | BC32: 1 | BD32: 1.0091081

Sheet PPM´s
BO17: Meses | BP17: (Varios elementos)
BO18: FECHA | BP18: (Todas)
A20: Etiquetas de fila | B20: Suma de PPM´s | G20: FECHA | H20: (Varios elementos) | P20: Etiquetas de fila | Q20: Sum of PIEZAS PRODUCIDAS2 | R20: Sum of SCRAP | S20: Suma de PPM´s | AA20: Etiquetas de fila | AB20: Suma de PMM´s ACTUADORES | AM20: Etiquetas de fila | AN20: Sum of PIEZAS PRODUCIDAS | AO20: Sum of SCRAP | AP20: Suma de PMM´s ACTUADORES | BO20: Valores
A21: ene | B21: 56578.947 | P21: 1 | Q21: 3329 | R21: 120 | S21: 36046.861 | AA21: ene | AB21: 254.06504 | AM21: 1 | AN21: 1644 | AO21: 0 | AP21: 0 | BO21: Other | BP21: 9
A22: feb | B22: 40790.375 | G22: Valores | P22: 2 | Q22: 10626 | R22: 620 | S22: 58347.45 | AA22: feb | AB22: 1295.6964 | AM22: 2 | AN22: 4236 | AO22: 1 | AP22: 236.07177 | BO22: Sum of Prensado no conforme Marcas Fisura | BP22: 3
A23: mar | B23: 28430.462 | G23: Pieces with hits | H23: 886 | P23: 3 | Q23: 11815 | R23: 1033 | S23: 87431.231 | AA23: mar | AB23: 1042.9448 | AM23: 3 | AN23: 3894 | AO23: 1 | AP23: 256.80534 | BO23: Seal leak | BP23: 22
A24: abr | B24: 97069.02 | G24: Short piece | H24: 279 | P24: 4 | Q24: 9996 | R24: 500 | S24: 50020.008 | AA24: abr | AB24: 778.90286 | AM24: 4 | AN24: 2034 | AO24: 1 | AP24: 491.64208 | BO24: Engraving Missing Position Incomplete
A25: Total general | B25: 54362.286 | G25: Suma de Condición de ondulación | H25: 219 | P25: 5 | Q25: 11049 | R25: 295 | S25: 26699.249 | AA25: Total general | AB25: 855.9499 | AM25: 7 | AN25: 4437 | AO25: 4 | AP25: 901.51003 | BO25: Missing spring | BP25: 3
G26: Welding Failure | H26: 185 | P26: 6 | R26: 67 | AM26: 8 | AN26: 5835 | AO26: 8 | AP26: 1371.0368 | BO26: Surface treatment
G27: Badly filed piece | H27: 257 | P27: 7 | Q27: 10493 | R27: 550 | S27: 52415.896 | AM27: 9 | AN27: 1766 | AO27: 11 | AP27: 6228.7656 | BO27: Burrs Dents Damage Marks Sharp-edges
G28: Bad welding | H28: 333 | P28: 8 | Q28: 13326 | R28: 457 | S28: 34293.862 | AM28: 10 | AN28: 6520 | AO28: 3 | AP28: 460.1227 | BO28: Crimping NOK Damaged
G29: Sum of Formado | H29: 160 | P29: 9 | Q29: 4115 | R29: 103 | S29: 25030.377 | AM29: 11 | AN29: 959 | AO29: 0 | AP29: 0 | BO29: Diameter NOK
G30: Cutter | H30: 159 | P30: 10 | Q30: 11585 | R30: 352 | S30: 30384.117 | AM30: 12 | AN30: 4008 | AO30: 3 | AP30: 748.50299 | BO30: Height NOK | BP30: 1
G31: Sum of Otro | H31: 257 | P31: 11 | Q31: 11970 | R31: 220 | S31: 18379.282 | AM31: 13 | AN31: 3580 | AO31: 2 | AP31: 558.65922 | BO31: Interrupted Process by safety sensor
G32: Suma de Labio levantado | H32: 165 | P32: 12 | Q32: 9657 | R32: 192 | S32: 19881.951 | AM32: 14 | AN32: 2244 | AO32: 0 | AP32: 0 | BO32: Crimping NOK deformed
G33: Tube Length | H33: 41 | P33: 13 | Q33: 11986 | R33: 521 | S33: 43467.379 | AM33: 15 | AN33: 5110 | AO33: 6 | AP33: 1174.1683 | BO33: JIG FASE 45 Failure
G34: Stamp | H34: 66 | P34: 14 | Q34: 6409 | R34: 625 | S34: 97519.114 | AM34: 16 | AN34: 923 | AO34: 1 | AP34: 1083.4236 | BO34: DMC code not correct
G35: Misaligned welding | H35: 112 | P35: 15 | Q35: 6395 | R35: 1426 | S35: 222986.71 | AM35: 18 | AN35: 710 | AO35: 0 | AP35: 0 | BO35: Hysteresis failure
G36: Suma de Prensa | H36: 117 | P36: 16 | Q36: 9124 | R36: 985 | S36: 107957.04 | AM36: Total general | AN36: 47900 | AO36: 41 | AP36: 855.9499 | BO36: Engraving malfunction
G37: Falls to the floor | H37: 90 | P37: 17 | Q37: 10754 | R37: 345 | S37: 32081.086 | BO37: Engraving not readable
G38: Suma de Pieza larga | H38: 67 | P38: 18 | Q38: 2221 | R38: 7 | S38: 3151.7335 | BO38: Fitting Short Loose Capping Not weld
G39: Suma de Rodillo | H39: 41 | P39: Total general | Q39: 154850 | R39: 8418 | S39: 54362.286
G40: Suma de Diimples marcados | H40: 183
G41: Manual filing | H41: 11
G42: Suma de Couples | H42: 12
G43: Sum of Doble grabado | H43: 21
G44: Suma de Rebaba de ventana | H44: 48
G45: Sum of Washer
G46: Sum of DC03
G47: Sum of DC01
G48: Sum of Corona

Sheet GRAFICA PRENSA
A1: Día | B1: OEE
A2: 3 | B2: 0.63510848
A3: 4 | B3: 0.70628571
A4: 7 | B4: 0.53028571
A5: 8 | B5: 0.22857143
A6: 10 | B6: 0.33752381
A7: 10 | B7: 0.57485714
A8: 11 | B8: 0.14209524
A9: 11 | B9: 0.80609524
A10: 12 | B10: 0.2567619
A11: 14 | B11: 0.14590476
A12: 14 | B12: 0.36
A13: 16 | B13: 0.36952381
... A36: 43501 | B36: 0.5305
A37: TOTAL | B37: =IFERROR(AVERAGE(B2:B22),"") -> 0.48188507

Sheet GRAFICA LEAK TEST
A1: Día | B1: OEE
A2: 3 | B2: 1
A3: 4 | B3: 0.91708598
A4: 5 | B4: 0.76761905
A5: 7 | B5: 0.50552381
A6: 8 | B6: 0.10171429
A7: 10 | B7: 0.37748918
A8: 11 | B8: 0.49212121
A9: 11 | B9: 0.97947214
A10: 12 | B10: 0.45229437
A11: 14 | B11: 0.34330401
A12: 16 | B12: 0.38510823
A13: 16 | B13: 0.62326491
... A35: 43501 | B35: 0.6053
A36: TOTAL | B36: =IFERROR(AVERAGE(B2:B20),"") -> 0.55652074

Sheet TIMEPO CAIDO
B1: ESTUDIO DE TIEMPOS
B2: PRODUCCION | I2: CALIDAD
A3: fecha | B3: PROCESO DE PRODUCCION | C3: HORA INICIO | D3: HORA PARO | E3: TIEMPO CAIDO | F3: MIN | G3: NOTAS | H3: HORA ENTREGA A CALIDAD | I3: RESULTADO DE CALIDAD | J3: HORA DE ENTREGA DE CALIDAD A PRODUCCION | K3: TIEMPO CAIDO | L3: MIN | M3: NOTAS | N3: TECNICO DE CALIDAD
C4: 0.060416667 | D4: 0.068055556 | E4: =D4-C4 -> 0.0076388889 | H4: 0.29513889 | J4: 0.32291667 | K4: =J4-H4 -> 0.027777778
C5: 0.083333333 | D5: 0.090972222 | E5: =D5-C5 -> 0.0076388889
C6: 0.10555556 | D6: 0.11319444 | E6: =D6-C6 -> 0.0076388889
C7: 0.12013889 | D7: 0.13263889 | E7: =D7-C7 -> 0.0125
C8: 0.13888889 | D8: 0.15277778 | E8: =D8-C8 -> 0.013888889
C9: 0.16041667 | D9: 0.17013889 | E9: =D9-C9 -> 0.0097222222
E10: =D10-C10 -> 0
E11: =D11-C11 -> 0
B12: AJUSTES POR PROCESOS

Sheet SPEED FACTOR REA
A1: Ref Vlook Cap | B1: Numero de semana | C1: Fecha | D1: P/N | E1: Piezas produccidas | F1: Minutos de presencia | G1: Minutos téoricos | H1: PZ/h | I1: OP1 | J1: OP2 | K1: OP3 | L1: Numero OP | M1: Minutos teoricos totales | N1: Minutos de presencia totales | O1: Minutos pagados totales | P1: % SF | R1: eff
A2: =+'OEE REA'!A3 -> 1 | B2: =WEEKNUM(C2) -> 2 | C2: =+'OEE REA'!D3 -> 45663 | D2: +'OEE REA'!B3 | E2: =VLOOKUP(A2,'OEE REA'!A:AO,13,FALSE) -> 56 | F2: =VLOOKUP(A2,'OEE REA'!A:AO,11,FALSE) -> 255 | G2: =IFERROR(E2/H2*60,"") -> 21.960784 | H2: =VLOOKUP(A2,'OEE REA'!A:AO,14,FALSE) -> 153 | L2: 1 | M2: =IFERROR(G2*L2,"") -> 21.960784 | N2: =IFERROR(F2*L2,"") -> 255 | O2: =IFERROR('OEE REA'!J3*'SPEED FACTOR REA'!L2,"") -> 300 | P2: =IFERROR(N2/M2,"") -> 11.611607 | R2: =G2/O2 -> 0.073202614
A3: =+'OEE REA'!A4 -> 2 | B3: =WEEKNUM(C3) -> 2 | C3: =+'OEE REA'!D4 -> 45663 | D3: +'OEE REA'!B4 | E3: =VLOOKUP(A3,'OEE REA'!A:AO,13,FALSE) -> 0 | F3: =VLOOKUP(A3,'OEE REA'!A:AO,11,FALSE) -> 240 | G3: =IFERROR(E3/H3*60,"") -> 0 | H3: =VLOOKUP(A3,'OEE REA'!A:AO,14,FALSE) -> 153 | L3: 1 | M3: =IFERROR(G3*L3,"") -> 0 | N3: =IFERROR(F3*L3,"") -> 240 | O3: =IFERROR('OEE REA'!J4*'SPEED FACTOR REA'!L3,"") -> 240 | P3: =IFERROR(N3/M3,"") | R3: =G3/O3 -> 0
A4: =+'OEE REA'!A5 -> 3 | B4: =WEEKNUM(C4) -> 2 | C4: =+'OEE REA'!D5 -> 45663 | D4: +'OEE REA'!B5 | E4: =VLOOKUP(A4,'OEE REA'!A:AO,13,FALSE) -> 377 | F4: =VLOOKUP(A4,'OEE REA'!A:AO,11,FALSE) -> 360 | G4: =IFERROR(E4/H4*60,"") -> 147.84314 | H4: =VLOOKUP(A4,'OEE REA'!A:AO,14,FALSE) -> 153 | L4: 1 | M4: =IFERROR(G4*L4,"") -> 147.84314 | N4: =IFERROR(F4*L4,"") -> 360 | O4: =IFERROR('OEE REA'!J5*'SPEED FACTOR REA'!L4,"") -> 360 | P4: =IFERROR(N4/M4,"") -> 2.4350133 | R4: =G4/O4 -> 0.41067538
A5: =+'OEE REA'!A6 -> 4 | B5: =WEEKNUM(C5) -> 2 | C5: =+'OEE REA'!D6 -> 45664 | D5: +'OEE REA'!B6 | E5: =VLOOKUP(A5,'OEE REA'!A:AO,13,FALSE) -> 660 | F5: =VLOOKUP(A5,'OEE REA'!A:AO,11,FALSE) -> 570 | G5: =IFERROR(E5/H5*60,"") -> 258.82353 | H5: =VLOOKUP(A5,'OEE REA'!A:AO,14,FALSE) -> 153 | L5: 1 | M5: =IFERROR(G5*L5,"") -> 258.82353 | N5: =IFERROR(F5*L5,"") -> 570 | O5: =IFERROR('OEE REA'!J6*'SPEED FACTOR REA'!L5,"") -> 600 | P5: =IFERROR(N5/M5,"") -> 2.2022727 | R5: =G5/O5 -> 0.43137255
A6: =+'OEE REA'!A7 -> 5 | B6: =WEEKNUM(C6) -> 2 | C6: =+'OEE REA'!D7 -> 45664 | D6: +'OEE REA'!B7 | E6: =VLOOKUP(A6,'OEE REA'!A:AO,13,FALSE) -> 459 | F6: =VLOOKUP(A6,'OEE REA'!A:AO,11,FALSE) -> 300 | G6: =IFERROR(E6/H6*60,"") -> 180 | H6: =VLOOKUP(A6,'OEE REA'!A:AO,14,FALSE) -> 153 | L6: 1 | M6: =IFERROR(G6*L6,"") -> 180 | N6: =IFERROR(F6*L6,"") -> 300 | O6: =IFERROR('OEE REA'!J7*'SPEED FACTOR REA'!L6,"") -> 540 | P6: =IFERROR(N6/M6,"") -> 1.6666667 | R6: =G6/O6 -> 0.33333333
A7: =+'OEE REA'!A8 -> 6 | B7: =WEEKNUM(C7) -> 2 | C7: =+'OEE REA'!D8 -> 45665 | D7: +'OEE REA'!B8 | E7: =VLOOKUP(A7,'OEE REA'!A:AO,13,FALSE) -> 1058 | F7: =VLOOKUP(A7,'OEE REA'!A:AO,11,FALSE) -> 566 | G7: =IFERROR(E7/H7*60,"") -> 414.90196 | H7: =VLOOKUP(A7,'OEE REA'!A:AO,14,FALSE) -> 153 | M7: =IFERROR(G7*L7,"") -> 0 | N7: =IFERROR(F7*L7,"") -> 0 | O7: =IFERROR('OEE REA'!J8*'SPEED FACTOR REA'!L7,"") -> 0 | P7: =IFERROR(N7/M7,"") | R7: =G7/O7 -> #DIV/0!
A8: =+'OEE REA'!A9 -> 7 | B8: =WEEKNUM(C8) -> 2 | C8: =+'OEE REA'!D9 -> 45665 | D8: +'OEE REA'!B9 | E8: =VLOOKUP(A8,'OEE REA'!A:AO,13,FALSE) -> 1170 | F8: =VLOOKUP(A8,'OEE REA'!A:AO,11,FALSE) -> 540 | G8: =IFERROR(E8/H8*60,"") -> 458.82353 | H8: =VLOOKUP(A8,'OEE REA'!A:AO,14,FALSE) -> 153 | M8: =IFERROR(G8*L8,"") -> 0 | N8: =IFERROR(F8*L8,"") -> 0 | O8: =IFERROR('OEE REA'!J9*'SPEED FACTOR REA'!L8,"") -> 0 | P8: =IFERROR(N8/M8,"") | R8: =G8/O8 -> #DIV/0!
A9: =+'OEE REA'!A10 -> 8 | B9: =WEEKNUM(C9) -> 2 | C9: =+'OEE REA'!D10 -> 45666 | D9: +'OEE REA'!B10 | E9: =VLOOKUP(A9,'OEE REA'!A:AO,13,FALSE) -> 1208 | F9: =VLOOKUP(A9,'OEE REA'!A:AO,11,FALSE) -> 555 | G9: =IFERROR(E9/H9*60,"") -> 473.72549 | H9: =VLOOKUP(A9,'OEE REA'!A:AO,14,FALSE) -> 153 | M9: =IFERROR(G9*L9,"") -> 0 | N9: =IFERROR(F9*L9,"") -> 0 | O9: =IFERROR('OEE REA'!J10*'SPEED FACTOR REA'!L9,"") -> 0 | P9: =IFERROR(N9/M9,"") | R9: =G9/O9 -> #DIV/0!
A10: =+'OEE REA'!A11 -> 9 | B10: =WEEKNUM(C10) -> 2 | C10: =+'OEE REA'!D11 -> 45666 | D10: +'OEE REA'!B11 | E10: =VLOOKUP(A10,'OEE REA'!A:AO,13,FALSE) -> 816 | F10: =VLOOKUP(A10,'OEE REA'!A:AO,11,FALSE) -> 240 | G10: =IFERROR(E10/H10*60,"") -> 320 | H10: =VLOOKUP(A10,'OEE REA'!A:AO,14,FALSE) -> 153 | M10: =IFERROR(G10*L10,"") -> 0 | N10: =IFERROR(F10*L10,"") -> 0 | O10: =IFERROR('OEE REA'!J11*'SPEED FACTOR REA'!L10,"") -> 0 | P10: =IFERROR(N10/M10,"") | R10: =G10/O10 -> #DIV/0!
A11: =+'OEE REA'!A12 -> 10 | B11: =WEEKNUM(C11) -> 2 | C11: =+'OEE REA'!D12 -> 45666 | D11: +'OEE REA'!B12 | E11: =VLOOKUP(A11,'OEE REA'!A:AO,13,FALSE) -> 114 | F11: =VLOOKUP(A11,'OEE REA'!A:AO,11,FALSE) -> 185 | G11: =IFERROR(E11/H11*60,"") -> 44.705882 | H11: =VLOOKUP(A11,'OEE REA'!A:AO,14,FALSE) -> 153 | M11: =IFERROR(G11*L11,"") -> 0 | N11: =IFERROR(F11*L11,"") -> 0 | O11: =IFERROR('OEE REA'!J12*'SPEED FACTOR REA'!L11,"") -> 0 | P11: =IFERROR(N11/M11,"") | R11: =G11/O11 -> #DIV/0!
A12: =+'OEE REA'!A13 -> 11 | B12: =WEEKNUM(C12) -> 2 | C12: =+'OEE REA'!D13 -> 45667 | D12: +'OEE REA'!B13 | E12: =VLOOKUP(A12,'OEE REA'!A:AO,13,FALSE) -> 894 | F12: =VLOOKUP(A12,'OEE REA'!A:AO,11,FALSE) -> 497 | G12: =IFERROR(E12/H12*60,"") -> 350.58824 | H12: =VLOOKUP(A12,'OEE REA'!A:AO,14,FALSE) -> 153 | M12: =IFERROR(G12*L12,"") -> 0 | N12: =IFERROR(F12*L12,"") -> 0 | O12: =IFERROR('OEE REA'!J13*'SPEED FACTOR REA'!L12,"") -> 0 | P12: =IFERROR(N12/M12,"") | R12: =G12/O12 -> #DIV/0!
A13: =+'OEE REA'!A14 -> 12 | B13: =WEEKNUM(C13) -> 2 | C13: =+'OEE REA'!D14 -> 45667 | D13: +'OEE REA'!B14 | E13: =VLOOKUP(A13,'OEE REA'!A:AO,13,FALSE) -> 271 | F13: =VLOOKUP(A13,'OEE REA'!A:AO,11,FALSE) -> 240 | G13: =IFERROR(E13/H13*60,"") -> 106.27451 | H13: =VLOOKUP(A13,'OEE REA'!A:AO,14,FALSE) -> 153 | M13: =IFERROR(G13*L13,"") -> 0 | N13: =IFERROR(F13*L13,"") -> 0 | O13: =IFERROR('OEE REA'!J14*'SPEED FACTOR REA'!L13,"") -> 0 | P13: =IFERROR(N13/M13,"") | R13: =G13/O13 -> #DIV/0!
A14: =+'OEE REA'!A15 -> 13 | B14: =WEEKNUM(C14) -> 2 | C14: =+'OEE REA'!D15 -> 45667 | D14: +'OEE REA'!B15 | E14: =VLOOKUP(A14,'OEE REA'!A:AO,13,FALSE) -> 0 | F14: =VLOOKUP(A14,'OEE REA'!A:AO,11,FALSE) -> 205 | G14: =IFERROR(E14/H14*60,"") -> 0 | H14: =VLOOKUP(A14,'OEE REA'!A:AO,14,FALSE) -> 153 | M14: =IFERROR(G14*L14,"") -> 0 | N14: =IFERROR(F14*L14,"") -> 0 | O14: =IFERROR('OEE REA'!J15*'SPEED FACTOR REA'!L14,"") -> 0 | P14: =IFERROR(N14/M14,"") | R14: =G14/O14 -> #DIV/0!
A15: =+'OEE REA'!A16 -> 14 | B15: =WEEKNUM(C15) -> 3 | C15: =+'OEE REA'!D16 -> 45670 | D15: +'OEE REA'!B16 | E15: =VLOOKUP(A15,'OEE REA'!A:AO,13,FALSE) -> 756 | F15: =VLOOKUP(A15,'OEE REA'!A:AO,11,FALSE) -> 408 | G15: =IFERROR(E15/H15*60,"") -> 296.47059 | H15: =VLOOKUP(A15,'OEE REA'!A:AO,14,FALSE) -> 153 | M15: =IFERROR(G15*L15,"") -> 0 | N15: =IFERROR(F15*L15,"") -> 0 | O15: =IFERROR('OEE REA'!J16*'SPEED FACTOR REA'!L15,"") -> 0 | P15: =IFERROR(N15/M15,"") | R15: =G15/O15 -> #DIV/0!
A16: =+'OEE REA'!A17 -> 15 | B16: =WEEKNUM(C16) -> 3 | C16: =+'OEE REA'!D17 -> 45670 | D16: +'OEE REA'!B17 | E16: =VLOOKUP(A16,'OEE REA'!A:AO,13,FALSE) -> 860 | F16: =VLOOKUP(A16,'OEE REA'!A:AO,11,FALSE) -> 540 | G16: =IFERROR(E16/H16*60,"") -> 337.2549 | H16: =VLOOKUP(A16,'OEE REA'!A:AO,14,FALSE) -> 153 | M16: =IFERROR(G16*L16,"") -> 0 | N16: =IFERROR(F16*L16,"") -> 0 | O16: =IFERROR('OEE REA'!J17*'SPEED FACTOR REA'!L16,"") -> 0 | P16: =IFERROR(N16/M16,"") | R16: =G16/O16 -> #DIV/0!
A17: =+'OEE REA'!A18 -> 16 | B17: =WEEKNUM(C17) -> 3 | C17: =+'OEE REA'!D18 -> 45671 | D17: +'OEE REA'!B18 | E17: =VLOOKUP(A17,'OEE REA'!A:AO,13,FALSE) -> 867 | F17: =VLOOKUP(A17,'OEE REA'!A:AO,11,FALSE) -> 559 | G17: =IFERROR(E17/H17*60,"") -> 340 | H17: =VLOOKUP(A17,'OEE REA'!A:AO,14,FALSE) -> 153 | M17: =IFERROR(G17*L17,"") -> 0 | N17: =IFERROR(F17*L17,"") -> 0 | O17: =IFERROR('OEE REA'!J18*'SPEED FACTOR REA'!L17,"") -> 0 | P17: =IFERROR(N17/M17,"") | R17: =G17/O17 -> #DIV/0!
A18: =+'OEE REA'!A19 -> 17 | B18: =WEEKNUM(C18) -> 3 | C18: =+'OEE REA'!D19 -> 45671 | D18: +'OEE REA'!B19 | E18: =VLOOKUP(A18,'OEE REA'!A:AO,13,FALSE) -> 968 | F18: =VLOOKUP(A18,'OEE REA'!A:AO,11,FALSE) -> 540 | G18: =IFERROR(E18/H18*60,"") -> 379.60784 | H18: =VLOOKUP(A18,'OEE REA'!A:AO,14,FALSE) -> 153 | M18: =IFERROR(G18*L18,"") -> 0 | N18: =IFERROR(F18*L18,"") -> 0 | O18: =IFERROR('OEE REA'!J19*'SPEED FACTOR REA'!L18,"") -> 0 | P18: =IFERROR(N18/M18,"") | R18: =G18/O18 -> #DIV/0!
... A33: =+'OEE REA'!A34 -> 32 | B33: =WEEKNUM(C33) -> 4 | C33: =+'OEE REA'!D34 -> 45681 | D33: +'OEE REA'!B34 | E33: =VLOOKUP(A33,'OEE REA'!A:AO,13,FALSE) -> 1148 | F33: =VLOOKUP(A33,'OEE REA'!A:AO,11,FALSE) -> 555 | G33: =IFERROR(E33/H33*60,"") -> 450.19608 | H33: =VLOOKUP(A33,'OEE REA'!A:AO,14,FALSE) -> 153 | M33: =IFERROR(G33*L33,"") -> 0 | N33: =IFERROR(F33*L33,"") -> 0 | O33: =IFERROR('OEE REA'!J34*'SPEED FACTOR REA'!L33,"") -> 0 | P33: =IFERROR(N33/M33,"") | R33: =G33/O33 -> #DIV/0!
A34: =+'OEE REA'!A389 -> 386 | B34: =WEEKNUM(C34) -> 26 | C34: =+'OEE REA'!D389 -> 45835 | D34: +'OEE REA'!B35 | E34: =VLOOKUP(A34,'OEE REA'!A:AO,13,FALSE) -> 1030 | F34: =VLOOKUP(A34,'OEE REA'!A:AO,11,FALSE) -> 510 | G34: =IFERROR(E34/H34*60,"") -> 403.92157 | H34: =VLOOKUP(A34,'OEE REA'!A:AO,14,FALSE) -> 153 | M34: =IFERROR(G34*L34,"") -> 0 | N34: =IFERROR(F34*L34,"") -> 0 | O34: =IFERROR('OEE REA'!J389*'SPEED FACTOR REA'!L34,"") -> 0 | P34: =IFERROR(N34/M34,"") | R34: =G34/O34 -> #DIV/0!
A35: =+'OEE REA'!A390 -> 387 | B35: =WEEKNUM(C35) -> 26 | C35: =+'OEE REA'!D390 -> 45836 | D35: +'OEE REA'!B36 | E35: =VLOOKUP(A35,'OEE REA'!A:AO,13,FALSE) -> 935 | F35: =VLOOKUP(A35,'OEE REA'!A:AO,11,FALSE) -> 435 | G35: =IFERROR(E35/H35*60,"") -> 366.66667 | H35: =VLOOKUP(A35,'OEE REA'!A:AO,14,FALSE) -> 153 | M35: =IFERROR(G35*L35,"") -> 0 | N35: =IFERROR(F35*L35,"") -> 0 | O35: =IFERROR('OEE REA'!J390*'SPEED FACTOR REA'!L35,"") -> 0 | P35: =IFERROR(N35/M35,"") | R35: =G35/O35 -> #DIV/0!
A36: =+'OEE REA'!A547 -> 388 | B36: =WEEKNUM(C36) -> 0 | C36: =+'OEE REA'!D547 -> 0 | D36: +'OEE REA'!B37 | E36: =VLOOKUP(A36,'OEE REA'!A:AO,13,FALSE) -> 816 | F36: =VLOOKUP(A36,'OEE REA'!A:AO,11,FALSE) -> 450 | G36: =IFERROR(E36/H36*60,"") -> 320 | H36: =VLOOKUP(A36,'OEE REA'!A:AO,14,FALSE) -> 153 | M36: =IFERROR(G36*L36,"") -> 0 | N36: =IFERROR(F36*L36,"") -> 0 | O36: =IFERROR('OEE REA'!J547*'SPEED FACTOR REA'!L36,"") -> 0 | P36: =IFERROR(N36/M36,"") | R36: =G36/O36 -> #DIV/0!
A37: =+'OEE REA'!A548 -> 389 | B37: =WEEKNUM(C37) -> 0 | C37: =+'OEE REA'!D548 -> 0 | D37: +'OEE REA'!B38 | E37: =VLOOKUP(A37,'OEE REA'!A:AO,13,FALSE) -> 109 | F37: =VLOOKUP(A37,'OEE REA'!A:AO,11,FALSE) -> 120 | G37: =IFERROR(E37/H37*60,"") -> 42.745098 | H37: =VLOOKUP(A37,'OEE REA'!A:AO,14,FALSE) -> 153 | M37: =IFERROR(G37*L37,"") -> 0 | N37: =IFERROR(F37*L37,"") -> 0 | O37: =IFERROR('OEE REA'!J548*'SPEED FACTOR REA'!L37,"") -> 0 | P37: =IFERROR(N37/M37,"") | R37: =G37/O37 -> #DIV/0!
A38: =+'OEE REA'!A549 -> 390 | B38: =WEEKNUM(C38) -> 0 | C38: =+'OEE REA'!D549 -> 0 | D38: +'OEE REA'!B39 | E38: =VLOOKUP(A38,'OEE REA'!A:AO,13,FALSE) -> 862 | F38: =VLOOKUP(A38,'OEE REA'!A:AO,11,FALSE) -> 450 | G38: =IFERROR(E38/H38*60,"") -> 338.03922 | H38: =VLOOKUP(A38,'OEE REA'!A:AO,14,FALSE) -> 153 | M38: =IFERROR(G38*L38,"") -> 0 | N38: =IFERROR(F38*L38,"") -> 0 | O38: =IFERROR('OEE REA'!J549*'SPEED FACTOR REA'!L38,"") -> 0 | P38: =IFERROR(N38/M38,"") | R38: =G38/O38 -> #DIV/0!
A39: =+'OEE REA'!A550 -> 391 | B39: =WEEKNUM(C39) -> 0 | C39: =+'OEE REA'!D550 -> 0 | D39: +'OEE REA'!B40 | E39: =VLOOKUP(A39,'OEE REA'!A:AO,13,FALSE) -> 281 | F39: =VLOOKUP(A39,'OEE REA'!A:AO,11,FALSE) -> 510 | G39: =IFERROR(E39/H39*60,"") -> 110.19608 | H39: =VLOOKUP(A39,'OEE REA'!A:AO,14,FALSE) -> 153 | M39: =IFERROR(G39*L39,"") -> 0 | N39: =IFERROR(F39*L39,"") -> 0 | O39: =IFERROR('OEE REA'!J550*'SPEED FACTOR REA'!L39,"") -> 0 | P39: =IFERROR(N39/M39,"") | R39: =G39/O39 -> #DIV/0!
A40: =+'OEE REA'!A551 -> 392 | B40: =WEEKNUM(C40) -> 0 | C40: =+'OEE REA'!D551 -> 0 | D40: +'OEE REA'!B41 | E40: =VLOOKUP(A40,'OEE REA'!A:AO,13,FALSE) -> 593 | F40: =VLOOKUP(A40,'OEE REA'!A:AO,11,FALSE) -> 315 | G40: =IFERROR(E40/H40*60,"") -> 232.54902 | H40: =VLOOKUP(A40,'OEE REA'!A:AO,14,FALSE) -> 153 | M40: =IFERROR(G40*L40,"") -> 0 | N40: =IFERROR(F40*L40,"") -> 0 | O40: =IFERROR('OEE REA'!J551*'SPEED FACTOR REA'!L40,"") -> 0 | P40: =IFERROR(N40/M40,"") | R40: =G40/O40 -> #DIV/0!
A41: =+'OEE REA'!A552 -> 393 | B41: =WEEKNUM(C41) -> 0 | C41: =+'OEE REA'!D552 -> 0 | D41: +'OEE REA'!B42 | E41: =VLOOKUP(A41,'OEE REA'!A:AO,13,FALSE) -> 816 | F41: =VLOOKUP(A41,'OEE REA'!A:AO,11,FALSE) -> 450 | G41: =IFERROR(E41/H41*60,"") -> 320 | H41: =VLOOKUP(A41,'OEE REA'!A:AO,14,FALSE) -> 153 | M41: =IFERROR(G41*L41,"") -> 0 | N41: =IFERROR(F41*L41,"") -> 0 | O41: =IFERROR('OEE REA'!J552*'SPEED FACTOR REA'!L41,"") -> 0 | P41: =IFERROR(N41/M41,"") | R41: =G41/O41 -> #DIV/0!
A42: =+'OEE REA'!A553 -> 394 | B42: =WEEKNUM(C42) -> 0 | C42: =+'OEE REA'!D553 -> 0 | D42: +'OEE REA'!B43 | E42: =VLOOKUP(A42,'OEE REA'!A:AO,13,FALSE) -> 1153 | F42: =VLOOKUP(A42,'OEE REA'!A:AO,11,FALSE) -> 510 | G42: =IFERROR(E42/H42*60,"") -> 452.15686 | H42: =VLOOKUP(A42,'OEE REA'!A:AO,14,FALSE) -> 153 | M42: =IFERROR(G42*L42,"") -> 0 | N42: =IFERROR(F42*L42,"") -> 0 | O42: =IFERROR('OEE REA'!J553*'SPEED FACTOR REA'!L42,"") -> 0 | P42: =IFERROR(N42/M42,"") | R42: =G42/O42 -> #DIV/0!
A43: =+'OEE REA'!A554 -> 395 | B43: =WEEKNUM(C43) -> 0 | C43: =+'OEE REA'!D554 -> 0 | D43: +'OEE REA'!B44 | E43: =VLOOKUP(A43,'OEE REA'!A:AO,13,FALSE) -> 1081 | F43: =VLOOKUP(A43,'OEE REA'!A:AO,11,FALSE) -> 435 | G43: =IFERROR(E43/H43*60,"") -> 423.92157 | H43: =VLOOKUP(A43,'OEE REA'!A:AO,14,FALSE) -> 153 | M43: =IFERROR(G43*L43,"") -> 0 | N43: =IFERROR(F43*L43,"") -> 0 | O43: =IFERROR('OEE REA'!J554*'SPEED FACTOR REA'!L43,"") -> 0 | P43: =IFERROR(N43/M43,"") | R43: =G43/O43 -> #DIV/0!
A44: =+'OEE REA'!A555 -> 396 | B44: =WEEKNUM(C44) -> 0 | C44: =+'OEE REA'!D555 -> 0 | D44: +'OEE REA'!B45 | E44: =VLOOKUP(A44,'OEE REA'!A:AO,13,FALSE) -> 1116 | F44: =VLOOKUP(A44,'OEE REA'!A:AO,11,FALSE) -> 450 | G44: =IFERROR(E44/H44*60,"") -> 437.64706 | H44: =VLOOKUP(A44,'OEE REA'!A:AO,14,FALSE) -> 153 | M44: =IFERROR(G44*L44,"") -> 0 | N44: =IFERROR(F44*L44,"") -> 0 | O44: =IFERROR('OEE REA'!J555*'SPEED FACTOR REA'!L44,"") -> 0 | P44: =IFERROR(N44/M44,"") | R44: =G44/O44 -> #DIV/0!
A45: =+'OEE REA'!A556 -> 397 | B45: =WEEKNUM(C45) -> 0 | C45: =+'OEE REA'!D556 -> 0 | D45: +'OEE REA'!B46 | E45: =VLOOKUP(A45,'OEE REA'!A:AO,13,FALSE) -> 1246 | F45: =VLOOKUP(A45,'OEE REA'!A:AO,11,FALSE) -> 510 | G45: =IFERROR(E45/H45*60,"") -> 488.62745 | H45: =VLOOKUP(A45,'OEE REA'!A:AO,14,FALSE) -> 153 | M45: =IFERROR(G45*L45,"") -> 0 | N45: =IFERROR(F45*L45,"") -> 0 | O45: =IFERROR('OEE REA'!J556*'SPEED FACTOR REA'!L45,"") -> 0 | P45: =IFERROR(N45/M45,"") | R45: =G45/O45 -> #DIV/0!
A46: =+'OEE REA'!A557 -> 398 | B46: =WEEKNUM(C46) -> 0 | C46: =+'OEE REA'!D557 -> 0 | D46: +'OEE REA'!B47 | E46: =VLOOKUP(A46,'OEE REA'!A:AO,13,FALSE) -> 1212 | F46: =VLOOKUP(A46,'OEE REA'!A:AO,11,FALSE) -> 435 | G46: =IFERROR(E46/H46*60,"") -> 475.29412 | H46: =VLOOKUP(A46,'OEE REA'!A:AO,14,FALSE) -> 153 | M46: =IFERROR(G46*L46,"") -> 0 | N46: =IFERROR(F46*L46,"") -> 0 | O46: =IFERROR('OEE REA'!J557*'SPEED FACTOR REA'!L46,"") -> 0 | P46: =IFERROR(N46/M46,"") | R46: =G46/O46 -> #DIV/0!
A47: =+'OEE REA'!A558 -> 399 | B47: =WEEKNUM(C47) -> 0 | C47: =+'OEE REA'!D558 -> 0 | D47: +'OEE REA'!B48 | E47: =VLOOKUP(A47,'OEE REA'!A:AO,13,FALSE) -> 943 | F47: =VLOOKUP(A47,'OEE REA'!A:AO,11,FALSE) -> 450 | G47: =IFERROR(E47/H47*60,"") -> 369.80392 | H47: =VLOOKUP(A47,'OEE REA'!A:AO,14,FALSE) -> 153 | M47: =IFERROR(G47*L47,"") -> 0 | N47: =IFERROR(F47*L47,"") -> 0 | O47: =IFERROR('OEE REA'!J558*'SPEED FACTOR REA'!L47,"") -> 0 | P47: =IFERROR(N47/M47,"") | R47: =G47/O47 -> #DIV/0!
... A190: =+'OEE REA'!A701 -> 0 | B190: =WEEKNUM(C190) -> 0 | C190: =+'OEE REA'!D701 -> 0 | D190: +'OEE REA'!B191 | E190: =VLOOKUP(A190,'OEE REA'!A:AO,13,FALSE) -> #N/A | F190: =VLOOKUP(A190,'OEE REA'!A:AO,11,FALSE) -> #N/A | G190: =IFERROR(E190/H190*60,"") | H190: =VLOOKUP(A190,'OEE REA'!A:AO,14,FALSE) -> #N/A | M190: =IFERROR(G190*L190,"") | N190: =IFERROR(F190*L190,"") | O190: =IFERROR('OEE REA'!J701*'SPEED FACTOR REA'!L190,"") -> 0 | P190: =IFERROR(N190/M190,"") | R190: =G190/O190 -> #VALUE!
A191: =+'OEE REA'!A702 -> 0 | B191: =WEEKNUM(C191) -> 0 | C191: =+'OEE REA'!D702 -> 0 | D191: +'OEE REA'!B192 | E191: =VLOOKUP(A191,'OEE REA'!A:AO,13,FALSE) -> #N/A | F191: =VLOOKUP(A191,'OEE REA'!A:AO,11,FALSE)/60 -> #N/A | G191: =IFERROR(E191/H191*60,"")/60 -> #VALUE! | H191: =VLOOKUP(A191,'OEE REA'!A:AO,14,FALSE) -> #N/A | M191: =IFERROR(G191*L191,"") | N191: =IFERROR(F191*L191,"") | O191: =IFERROR('OEE REA'!J702*'SPEED FACTOR REA'!L191,"") -> 0 | P191: =IFERROR(N191/M191,"") | R191: =G191/O191 -> #VALUE!
A192: =+'OEE REA'!A703 -> 0 | B192: =WEEKNUM(C192) -> 0 | C192: =+'OEE REA'!D703 -> 0 | D192: +'OEE REA'!B193 | E192: =VLOOKUP(A192,'OEE REA'!A:AO,13,FALSE) -> #N/A | F192: =VLOOKUP(A192,'OEE REA'!A:AO,11,FALSE)/60 -> #N/A | G192: =IFERROR(E192/H192*60,"")/60 -> #VALUE! | H192: =VLOOKUP(A192,'OEE REA'!A:AO,14,FALSE) -> #N/A | M192: =IFERROR(G192*L192,"") | N192: =IFERROR(F192*L192,"") | O192: =IFERROR('OEE REA'!J703*'SPEED FACTOR REA'!L192,"") -> 0 | P192: =IFERROR(N192/M192,"") | R192: =G192/O192 -> #VALUE!
A193: =+'OEE REA'!A704 -> 0 | B193: =WEEKNUM(C193) -> 0 | C193: =+'OEE REA'!D704 -> 0 | D193: +'OEE REA'!B194 | E193: =VLOOKUP(A193,'OEE REA'!A:AO,13,FALSE) -> #N/A | F193: =VLOOKUP(A193,'OEE REA'!A:AO,11,FALSE)/60 -> #N/A | G193: =IFERROR(E193/H193*60,"")/60 -> #VALUE! | H193: =VLOOKUP(A193,'OEE REA'!A:AO,14,FALSE) -> #N/A | M193: =IFERROR(G193*L193,"") | N193: =IFERROR(F193*L193,"") | O193: =IFERROR('OEE REA'!J704*'SPEED FACTOR REA'!L193,"") -> 0 | P193: =IFERROR(N193/M193,"") | R193: =G193/O193 -> #VALUE!
A194: =+'OEE REA'!A705 -> 0 | B194: =WEEKNUM(C194) -> 0 | C194: =+'OEE REA'!D705 -> 0 | D194: +'OEE REA'!B195 | E194: =VLOOKUP(A194,'OEE REA'!A:AO,13,FALSE) -> #N/A | F194: =VLOOKUP(A194,'OEE REA'!A:AO,11,FALSE)/60 -> #N/A | G194: =IFERROR(E194/H194*60,"")/60 -> #VALUE! | H194: =VLOOKUP(A194,'OEE REA'!A:AO,14,FALSE) -> #N/A | M194: =IFERROR(G194*L194,"") | N194: =IFERROR(F194*L194,"") | O194: =IFERROR('OEE REA'!J705*'SPEED FACTOR REA'!L194,"") -> 0 | P194: =IFERROR(N194/M194,"") | R194: =G194/O194 -> #VALUE!
A195: =+'OEE REA'!A706 -> 0 | B195: =WEEKNUM(C195) -> 0 | C195: =+'OEE REA'!D706 -> 0 | D195: +'OEE REA'!B196 | E195: =VLOOKUP(A195,'OEE REA'!A:AO,13,FALSE) -> #N/A | F195: =VLOOKUP(A195,'OEE REA'!A:AO,11,FALSE)/60 -> #N/A | G195: =IFERROR(E195/H195*60,"")/60 -> #VALUE! | H195: =VLOOKUP(A195,'OEE REA'!A:AO,14,FALSE) -> #N/A | M195: =IFERROR(G195*L195,"") | N195: =IFERROR(F195*L195,"") | O195: =IFERROR('OEE REA'!J706*'SPEED FACTOR REA'!L195,"") -> 0 | P195: =IFERROR(N195/M195,"") | R195: =G195/O195 -> #VALUE!
A196: =+'OEE REA'!A707 -> 0 | B196: =WEEKNUM(C196) -> 0 | C196: =+'OEE REA'!D707 -> 0 | D196: +'OEE REA'!B197 | E196: =VLOOKUP(A196,'OEE REA'!A:AO,13,FALSE) -> #N/A | F196: =VLOOKUP(A196,'OEE REA'!A:AO,11,FALSE)/60 -> #N/A | G196: =IFERROR(E196/H196*60,"")/60 -> #VALUE! | H196: =VLOOKUP(A196,'OEE REA'!A:AO,14,FALSE) -> #N/A | M196: =IFERROR(G196*L196,"") | N196: =IFERROR(F196*L196,"") | O196: =IFERROR('OEE REA'!J707*'SPEED FACTOR REA'!L196,"") -> 0 | P196: =IFERROR(N196/M196,"") | R196: =G196/O196 -> #VALUE!
A197: =+'OEE REA'!A708 -> 0 | B197: =WEEKNUM(C197) -> 0 | C197: =+'OEE REA'!D708 -> 0 | D197: +'OEE REA'!B198 | E197: =VLOOKUP(A197,'OEE REA'!A:AO,13,FALSE) -> #N/A | F197: =VLOOKUP(A197,'OEE REA'!A:AO,11,FALSE) -> #N/A | G197: =IFERROR(E197/H197*60,"") | H197: =VLOOKUP(A197,'OEE REA'!A:AO,14,FALSE) -> #N/A | M197: =IFERROR(G197*L197,"") | N197: =IFERROR(F197*L197,"") | O197: =IFERROR('OEE REA'!J708*'SPEED FACTOR REA'!L197,"") -> 0 | P197: =IFERROR(N197/M197,"") | R197: =G197/O197 -> #VALUE!
A198: =+'OEE REA'!A709 -> 0 | B198: =WEEKNUM(C198) -> 0 | C198: =+'OEE REA'!D709 -> 0 | D198: +'OEE REA'!B199 | E198: =VLOOKUP(A198,'OEE REA'!A:AO,13,FALSE) -> #N/A | F198: =VLOOKUP(A198,'OEE REA'!A:AO,11,FALSE) -> #N/A | G198: =IFERROR(E198/H198*60,"") | H198: =VLOOKUP(A198,'OEE REA'!A:AO,14,FALSE) -> #N/A | M198: =IFERROR(G198*L198,"") | N198: =IFERROR(F198*L198,"") | O198: =IFERROR('OEE REA'!J709*'SPEED FACTOR REA'!L198,"") -> 0 | P198: =IFERROR(N198/M198,"") | R198: =G198/O198 -> #VALUE!
A199: =+'OEE REA'!A710 -> 0 | B199: =WEEKNUM(C199) -> 0 | C199: =+'OEE REA'!D710 -> 0 | D199: +'OEE REA'!B200 | E199: =VLOOKUP(A199,'OEE REA'!A:AO,13,FALSE) -> #N/A | F199: =VLOOKUP(A199,'OEE REA'!A:AO,11,FALSE) -> #N/A | G199: =IFERROR(E199/H199*60,"") | H199: =VLOOKUP(A199,'OEE REA'!A:AO,14,FALSE) -> #N/A | M199: =IFERROR(G199*L199,"") | N199: =IFERROR(F199*L199,"") | O199: =IFERROR('OEE REA'!J710*'SPEED FACTOR REA'!L199,"") -> 0 | P199: =IFERROR(N199/M199,"") | R199: =G199/O199 -> #VALUE!
A200: =+'OEE REA'!A711 -> 0 | B200: =WEEKNUM(C200) -> 0 | C200: =+'OEE REA'!D711 -> 0 | D200: +'OEE REA'!B201 | E200: =VLOOKUP(A200,'OEE REA'!A:AO,13,FALSE) -> #N/A | F200: =VLOOKUP(A200,'OEE REA'!A:AO,11,FALSE) -> #N/A | G200: =IFERROR(E200/H200*60,"") | H200: =VLOOKUP(A200,'OEE REA'!A:AO,14,FALSE) -> #N/A | M200: =IFERROR(G200*L200,"") | N200: =IFERROR(F200*L200,"") | O200: =IFERROR('OEE REA'!J711*'SPEED FACTOR REA'!L200,"") -> 0 | P200: =IFERROR(N200/M200,"") | R200: =G200/O200 -> #VALUE!
A201: =+'OEE REA'!A712 -> 0 | B201: =WEEKNUM(C201) -> 0 | C201: =+'OEE REA'!D712 -> 0 | D201: +'OEE REA'!B202 | E201: =VLOOKUP(A201,'OEE REA'!A:AO,13,FALSE) -> #N/A | F201: =VLOOKUP(A201,'OEE REA'!A:AO,11,FALSE) -> #N/A | G201: =IFERROR(E201/H201*60,"") | H201: =VLOOKUP(A201,'OEE REA'!A:AO,14,FALSE) -> #N/A | M201: =IFERROR(G201*L201,"") | N201: =IFERROR(F201*L201,"") | O201: =IFERROR('OEE REA'!J712*'SPEED FACTOR REA'!L201,"") -> 0 | P201: =IFERROR(N201/M201,"") | R201: =G201/O201 -> #VALUE!
A202: =+'OEE REA'!A713 -> 0 | B202: =WEEKNUM(C202) -> 0 | C202: =+'OEE REA'!D713 -> 0 | D202: +'OEE REA'!B203 | E202: =VLOOKUP(A202,'OEE REA'!A:AO,13,FALSE) -> #N/A | F202: =VLOOKUP(A202,'OEE REA'!A:AO,11,FALSE) -> #N/A | G202: =IFERROR(E202/H202*60,"") | H202: =VLOOKUP(A202,'OEE REA'!A:AO,14,FALSE) -> #N/A | M202: =IFERROR(G202*L202,"") | N202: =IFERROR(F202*L202,"") | O202: =IFERROR('OEE REA'!J713*'SPEED FACTOR REA'!L202,"") -> 0 | P202: =IFERROR(N202/M202,"") | R202: =G202/O202 -> #VALUE!
A203: =+'OEE REA'!A714 -> 0 | B203: =WEEKNUM(C203) -> 0 | C203: =+'OEE REA'!D714 -> 0 | D203: +'OEE REA'!B204 | E203: =VLOOKUP(A203,'OEE REA'!A:AO,13,FALSE) -> #N/A | F203: =VLOOKUP(A203,'OEE REA'!A:AO,11,FALSE) -> #N/A | G203: =IFERROR(E203/H203*60,"") | H203: =VLOOKUP(A203,'OEE REA'!A:AO,14,FALSE) -> #N/A | M203: =IFERROR(G203*L203,"") | N203: =IFERROR(F203*L203,"") | O203: =IFERROR('OEE REA'!J714*'SPEED FACTOR REA'!L203,"") -> 0 | P203: =IFERROR(N203/M203,"") | R203: =G203/O203 -> #VALUE!
A204: =+'OEE REA'!A715 -> 0 | B204: =WEEKNUM(C204) -> 0 | C204: =+'OEE REA'!D715 -> 0 | D204: +'OEE REA'!B205 | E204: =VLOOKUP(A204,'OEE REA'!A:AO,13,FALSE) -> #N/A | F204: =VLOOKUP(A204,'OEE REA'!A:AO,11,FALSE) -> #N/A | G204: =IFERROR(E204/H204*60,"") | H204: =VLOOKUP(A204,'OEE REA'!A:AO,14,FALSE) -> #N/A | M204: =IFERROR(G204*L204,"") | N204: =IFERROR(F204*L204,"") | O204: =IFERROR('OEE REA'!J715*'SPEED FACTOR REA'!L204,"") -> 0 | P204: =IFERROR(N204/M204,"") | R204: =G204/O204 -> #VALUE!
A205: =+'OEE REA'!A716 -> 0 | B205: =WEEKNUM(C205) -> 0 | C205: =+'OEE REA'!D716 -> 0 | D205: +'OEE REA'!B206 | E205: =VLOOKUP(A205,'OEE REA'!A:AO,13,FALSE) -> #N/A | F205: =VLOOKUP(A205,'OEE REA'!A:AO,11,FALSE) -> #N/A | G205: =IFERROR(E205/H205*60,"") | H205: =VLOOKUP(A205,'OEE REA'!A:AO,14,FALSE) -> #N/A | M205: =IFERROR(G205*L205,"") | N205: =IFERROR(F205*L205,"") | O205: =IFERROR('OEE REA'!J716*'SPEED FACTOR REA'!L205,"") -> 0 | P205: =IFERROR(N205/M205,"") | R205: =G205/O205 -> #VALUE!
A206: =+'OEE REA'!A717 -> 0 | B206: =WEEKNUM(C206) -> 0 | C206: =+'OEE REA'!D717 -> 0 | D206: +'OEE REA'!B207 | E206: =VLOOKUP(A206,'OEE REA'!A:AO,13,FALSE) -> #N/A | F206: =VLOOKUP(A206,'OEE REA'!A:AO,11,FALSE) -> #N/A | G206: =IFERROR(E206/H206*60,"") | H206: =VLOOKUP(A206,'OEE REA'!A:AO,14,FALSE) -> #N/A | M206: =IFERROR(G206*L206,"") | N206: =IFERROR(F206*L206,"") | O206: =IFERROR('OEE REA'!J717*'SPEED FACTOR REA'!L206,"") -> 0 | P206: =IFERROR(N206/M206,"") | R206: =G206/O206 -> #VALUE!
A207: =+'OEE REA'!A718 -> 0 | B207: =WEEKNUM(C207) -> 0 | C207: =+'OEE REA'!D718 -> 0 | D207: +'OEE REA'!B208 | E207: =VLOOKUP(A207,'OEE REA'!A:AO,13,FALSE) -> #N/A | F207: =VLOOKUP(A207,'OEE REA'!A:AO,11,FALSE) -> #N/A | G207: =IFERROR(E207/H207*60,"") | H207: =VLOOKUP(A207,'OEE REA'!A:AO,14,FALSE) -> #N/A | M207: =IFERROR(G207*L207,"") | N207: =IFERROR(F207*L207,"") | O207: =IFERROR('OEE REA'!J718*'SPEED FACTOR REA'!L207,"") -> 0 | P207: =IFERROR(N207/M207,"") | R207: =G207/O207 -> #VALUE!
A208: =+'OEE REA'!A719 -> 0 | B208: =WEEKNUM(C208) -> 0 | C208: =+'OEE REA'!D719 -> 0 | D208: +'OEE REA'!B209 | E208: =VLOOKUP(A208,'OEE REA'!A:AO,13,FALSE) -> #N/A | F208: =VLOOKUP(A208,'OEE REA'!A:AO,11,FALSE) -> #N/A | G208: =IFERROR(E208/H208*60,"") | H208: =VLOOKUP(A208,'OEE REA'!A:AO,14,FALSE) -> #N/A | M208: =IFERROR(G208*L208,"") | N208: =IFERROR(F208*L208,"") | O208: =IFERROR('OEE REA'!J719*'SPEED FACTOR REA'!L208,"") -> 0 | P208: =IFERROR(N208/M208,"") | R208: =G208/O208 -> #VALUE!
... A678: =+'OEE REA'!A1189 -> 0 | B678: =WEEKNUM(C678) -> 0 | C678: =+'OEE REA'!D1189 -> 0 | D678: +'OEE REA'!B679 | E678: =VLOOKUP(A678,'OEE REA'!A:AO,13,FALSE) -> #N/A | F678: =VLOOKUP(A678,'OEE REA'!A:AO,11,FALSE) -> #N/A | G678: =IFERROR(E678/H678*60,"") | H678: =VLOOKUP(A678,'OEE REA'!A:AO,14,FALSE) -> #N/A | M678: =IFERROR(G678*L678,"") | N678: =IFERROR(F678*L678,"") | O678: =IFERROR('OEE REA'!J1189*'SPEED FACTOR REA'!L678,"") -> 0 | P678: =IFERROR(N678/M678,"") | R678: =G678/O678 -> #VALUE!
M682: =SUBTOTAL(9,M66:M681)/60 -> 0 | N682: =SUBTOTAL(9,N66:N681)/60 -> 0 | O682: =SUBTOTAL(9,O66:O681)/60 -> 0

Sheet OEE REA
A1: STD 180 pcs por hr | E1: TIEMPOS CAIDOS | H1: DISPONIBILIDAD | M1: RENDIMIENTO | Q1: CALIDAD | AO1: OEE | AP1: PPMS | BA1: SFT REA
A2: REF VLOOK UP | B2: Parte Numero | C2: TURNO | D2: FECHA | E2: LIBERACION SET UP | F2: MTTO/ING | G2: MATERIALES OTROS | H2: TIEMPO EXTRA | I2: TIEMPO DISPONIBLE | J2: TIEMPO PLANIFICADO | K2: TIEMPO OPERATIVO | L2: RESULTADO | M2: PIEZAS PRODUCIDAS | N2: ESTANDAR | O2: MIN X HORAS | P2: RESULTADO | Q2: PIEZAS BUENAS | R2: PIEZAS PRODUCIDAS | S2: 605 | T2: 610 | U2: 620 | V2: 730 | W2: 731 | X2: 740 | Y2: 750 | Z2: 810 | AA2: 915 | AB2: 940 leak test | AC2: 960 CAW | AD2: eol | AE2: Diametro no conforme | AF2: Altura no conforme | AG2: Soldadura desalineada Crank | AH2: Ajustes de Ingenieria | AI2: Ajustes de MTTO | AJ2: SCRAP | AK2: QA TOTAL | AL2: Week num | AM2: SCRAP | AN2: RESULTADO | AO2: RESULTADO | AP2: RESULTADO | AR2: SCRAP 960 | AS2: SCRAP EOL | AT2: SUB TOTAL | AU2: Liberacion | AV2: QA ( CSL1, Proceso) | AW2: Ing | AX2: TOTAL | BA2: MINUTOS TEORICOS | BB2: Numero OP | BC2: Minutos teoricos totales | BD2: Minutos de presencia totales | BE2: Minutos pagados totales | BF2: EFICIENCIA | BG2: OP1 | BH2: OP2
A3: 1 | B3: 3140CA029 | C3: 1 | D3: 45663 | E3: 45 | I3: =60*5 -> 300 | J3: =I3+H3 -> 300 | K3: =IFERROR(J3-E3-F3-G3,"") -> 255 | L3: =IFERROR(K3/J3,"") -> 0.85 | M3: 56 | N3: 153 | O3: 60 | P3: =IFERROR((M3/N3*O3)/K3,"") -> 0.086120723 | Q3: =M3 -> 56 | R3: =+Q3+AB3+AC3+AD3 -> 62 | S3: 4 | T3: 4 | U3: 0 | V3: 0 | W3: 0 | X3: 0 | Y3: 0 | Z3: 1 | AA3: 0 | AB3: 5 | AC3: 0 | AD3: 1 | AK3: =+AD3+AE3+AF3+AG3+AH3+AI3 -> 1 | AL3: =WEEKNUM(D3,21) -> 2 | AM3: =AK3 -> 1 | AN3: =IFERROR(Q3/R3,"") -> 0.90322581 | AO3: =IFERROR(AN3*P3*L3,"") -> 0.06611849 | AP3: =IFERROR(AM3/R3*1000000,"") -> 16129.032 | AQ3: =+AB3*0.78 -> 3.9 | AR3: =+AC3*0.2 -> 0 | AS3: =+AD3*0.1 -> 0.1 | AT3: =SUM(AQ3:AS3) -> 4 | AX3: =+AW3+AU3+AT3+AV3 -> 4 | BA3: =IFERROR(M3/N3*60,"") -> 21.960784 | BB3: 1 | BC3: =IFERROR(BA3*BB3,"") -> 21.960784 | BD3: =IFERROR(BB3*K3,"") -> 255 | BE3: =J3*BB3 -> 300 | BF3: =BC3/BE3 -> 0.073202614 | BG3: roberto
A4: =+A3+1 -> 2 | B4: 3140CS022 set up | C4: 1 | D4: 45663 | I4: =60*4 -> 240 | J4: =I4+H4 -> 240 | K4: =IFERROR(J4-E4-F4-G4,"") -> 240 | L4: =IFERROR(K4/J4,"") -> 1 | M4: 0 | N4: 153 | O4: 60 | P4: =IFERROR((M4/N4*O4)/K4,"") -> 0 | Q4: =M4 -> 0 | R4: =+Q4+AB4+AC4+AD4 -> 0 | AK4: =+AD4+AE4+AF4+AG4+AH4+AI4 -> 0 | AL4: =WEEKNUM(D4,21) -> 2 | AM4: =AK4 -> 0 | AN4: =IFERROR(Q4/R4,"") | AO4: =IFERROR(AN4*P4*L4,"") | AP4: =IFERROR(AM4/R4*1000000,"") | AQ4: =+AB4*0.78 -> 0 | AR4: =+AC4*0.2 -> 0 | AS4: =+AD4*0.1 -> 0 | AT4: =SUM(AQ4:AS4) -> 0 | AX4: =+AW4+AU4+AT4+AV4 -> 0 | BA4: =IFERROR(M4/N4*60,"") -> 0 | BB4: 1 | BC4: =IFERROR(BA4*BB4,"") -> 0 | BD4: =IFERROR(BB4*K4,"") -> 240 | BE4: =J4*BB4 -> 240 | BF4: =BD4/BE4 -> 1
A5: =+A4+1 -> 3 | B5: 3140CS022 | C5: 2 | D5: 45663 | I5: =60*6 -> 360 | J5: =I5+H5 -> 360 | K5: =IFERROR(J5-E5-F5-G5,"") -> 360 | L5: =IFERROR(K5/J5,"") -> 1 | M5: 377 | N5: 153 | O5: 60 | P5: =IFERROR((M5/N5*O5)/K5,"") -> 0.41067538 | Q5: =M5 -> 377 | R5: =+Q5+AB5+AC5+AD5 -> 377 | AK5: =+AD5+AE5+AF5+AG5+AH5+AI5 -> 0 | AL5: =WEEKNUM(D5,21) -> 2 | AM5: =AK5 -> 0 | AN5: =IFERROR(Q5/R5,"") -> 1 | AO5: =IFERROR(AN5*P5*L5,"") -> 0.41067538 | AP5: =IFERROR(AM5/R5*1000000,"") -> 0 | AQ5: =+AB5*0.78 -> 0 | AR5: =+AC5*0.2 -> 0 | AS5: =+AD5*0.1 -> 0 | AT5: =SUM(AQ5:AS5) -> 0 | AX5: =+AW5+AU5+AT5+AV5 -> 0 | BA5: =IFERROR(M5/N5*60,"") -> 147.84314 | BB5: 1 | BC5: =IFERROR(BA5*BB5,"") -> 147.84314 | BD5: =IFERROR(BB5*K5,"") -> 360 | BE5: =J5*BB5 -> 360 | BF5: =BC5/BE5 -> 0.41067538 | BG5: viviana
A6: =+A5+1 -> 4 | B6: 3140CS022 | C6: 1 | D6: 45664 | E6: 30 | I6: 600 | J6: =I6+H6 -> 600 | K6: =IFERROR(J6-E6-F6-G6,"") -> 570 | L6: =IFERROR(K6/J6,"") -> 0.95 | M6: 660 | N6: 153 | O6: 60 | P6: =IFERROR((M6/N6*O6)/K6,"") -> 0.45407637 | Q6: =M6 -> 660 | R6: =+Q6+AB6+AC6+AD6 -> 714 | S6: 74 | T6: 2 | U6: 1 | V6: 0 | W6: 0 | X6: 0 | Y6: 1 | Z6: 0 | AA6: 0 | AB6: 48 | AC6: 1 | AD6: 5 | AK6: =+AD6+AE6+AF6+AG6+AH6+AI6 -> 5 | AL6: =WEEKNUM(D6,21) -> 2 | AM6: =AK6 -> 5 | AN6: =IFERROR(Q6/R6,"") -> 0.92436975 | AO6: =IFERROR(AN6*P6*L6,"") -> 0.39874773 | AP6: =IFERROR(AM6/R6*1000000,"") -> 7002.8011 | AQ6: =+AB6*0.78 -> 37.44 | AR6: =+AC6*0.2 -> 0.2 | AS6: =+AD6*0.1 -> 0.5 | AT6: =SUM(AQ6:AS6) -> 38.14 | AX6: =+AW6+AU6+AT6+AV6 -> 38.14 | BA6: =IFERROR(M6/N6*60,"") -> 258.82353 | BB6: 1 | BC6: =IFERROR(BA6*BB6,"") -> 258.82353 | BD6: =IFERROR(BB6*K6,"") -> 570 | BE6: =J6*BB6 -> 600 | BF6: =BC6/BE6 -> 0.43137255 | BG6: roberto
A7: =+A6+1 -> 5 | B7: 3140CS022 | C7: 2 | D7: 45664 | F7: =60*4 -> 240 | I7: 540 | J7: =I7+H7 -> 540 | K7: =IFERROR(J7-E7-F7-G7,"") -> 300 | L7: =IFERROR(K7/J7,"") -> 0.55555556 | M7: 459 | N7: 153 | O7: 60 | P7: =IFERROR((M7/N7*O7)/K7,"") -> 0.6 | Q7: =M7 -> 459 | R7: =+Q7+AB7+AC7+AD7 -> 482 | S7: 110 | T7: 2 | U7: 0 | V7: 0 | W7: 0 | X7: 2 | Y7: 0 | Z7: 1 | AA7: 0 | AB7: 22 | AC7: 0 | AD7: 1 | AK7: =+AD7+AE7+AF7+AG7+AH7+AI7 -> 1 | AL7: =WEEKNUM(D7,21) -> 2 | AM7: =AK7 -> 1 | AN7: =IFERROR(Q7/R7,"") -> 0.95228216 | AO7: =IFERROR(AN7*P7*L7,"") -> 0.31742739 | AP7: =IFERROR(AM7/R7*1000000,"") -> 2074.6888 | AQ7: =+AB7*0.78 -> 17.16 | AR7: =+AC7*0.2 -> 0 | AS7: =+AD7*0.1 -> 0.1 | AT7: =SUM(AQ7:AS7) -> 17.26 | AX7: =+AW7+AU7+AT7+AV7 -> 17.26 | BA7: =IFERROR(M7/N7*60,"") -> 180 | BB7: 1 | BC7: =IFERROR(BA7*BB7,"") -> 180 | BD7: =IFERROR(BB7*K7,"") -> 300 | BE7: =J7*BB7 -> 540 | BF7: =BC7/BE7 -> 0.33333333 | BG7: viviana
A8: =+A7+1 -> 6 | B8: 3140CS022 | C8: 1 | D8: 45665 | E8: 34 | I8: 600 | J8: =I8+H8 -> 600 | K8: =IFERROR(J8-E8-F8-G8,"") -> 566 | L8: =IFERROR(K8/J8,"") -> 0.94333333 | M8: 1058 | N8: 153 | O8: 60 | P8: =IFERROR((M8/N8*O8)/K8,"") -> 0.73304233 | Q8: =M8 -> 1058 | R8: =+Q8+AB8+AC8+AD8 -> 1099 | S8: 61 | T8: 3 | U8: 6 | V8: 0 | W8: 0 | X8: 10 | Y8: 0 | Z8: 0 | AA8: 1 | AB8: 35 | AC8: 4 | AD8: 2 | AK8: =+AD8+AE8+AF8+AG8+AH8+AI8 -> 2 | AL8: =WEEKNUM(D8,21) -> 2 | AM8: =AK8 -> 2 | AN8: =IFERROR(Q8/R8,"") -> 0.96269336 | AO8: =IFERROR(AN8*P8*L8,"") -> 0.6657056 | AP8: =IFERROR(AM8/R8*1000000,"") -> 1819.8362 | AQ8: =+AB8*0.78 -> 27.3 | AR8: =+AC8*0.2 -> 0.8 | AS8: =+AD8*0.1 -> 0.2 | AT8: =SUM(AQ8:AS8) -> 28.3 | AX8: =+AW8+AU8+AT8+AV8 -> 28.3 | BA8: =IFERROR(M8/N8*60,"") -> 414.90196 | BB8: 1 | BC8: =IFERROR(BA8*BB8,"") -> 414.90196 | BD8: =IFERROR(BB8*K8,"") -> 566 | BE8: =J8*BB8 -> 600 | BF8: =BC8/BE8 -> 0.69150327 | BG8: roberto
A9: =+A8+1 -> 7 | B9: 3140CS022 | C9: 2 | D9: 45665 | I9: 540 | J9: =I9+H9 -> 540 | K9: =IFERROR(J9-E9-F9-G9,"") -> 540 | L9: =IFERROR(K9/J9,"") -> 1 | M9: 1170 | N9: 153 | O9: 60 | P9: =IFERROR((M9/N9*O9)/K9,"") -> 0.8496732 | Q9: =M9 -> 1170 | R9: =+Q9+AB9+AC9+AD9 -> 1213 | S9: 26 | T9: 1 | U9: 0 | V9: 0 | W9: 9 | X9: 5 | Y9: 0 | Z9: 1 | AA9: 2 | AB9: 31 | AC9: 10 | AD9: 2 | AK9: =+AD9+AE9+AF9+AG9+AH9+AI9 -> 2 | AL9: =WEEKNUM(D9,21) -> 2 | AM9: =AK9 -> 2 | AN9: =IFERROR(Q9/R9,"") -> 0.9645507 | AO9: =IFERROR(AN9*P9*L9,"") -> 0.81955288 | AP9: =IFERROR(AM9/R9*1000000,"") -> 1648.8046 | AQ9: =+AB9*0.78 -> 24.18 | AR9: =+AC9*0.2 -> 2 | AS9: =+AD9*0.1 -> 0.2 | AT9: =SUM(AQ9:AS9) -> 26.38 | AX9: =+AW9+AU9+AT9+AV9 -> 26.38 | BA9: =IFERROR(M9/N9*60,"") -> 458.82353 | BB9: 1 | BC9: =IFERROR(BA9*BB9,"") -> 458.82353 | BD9: =IFERROR(BB9*K9,"") -> 540 | BE9: =J9*BB9 -> 540 | BF9: =BC9/BE9 -> 0.8496732 | BG9: viviana
A10: =+A9+1 -> 8 | B10: 3140CS022 | C10: 1 | D10: 45666 | E10: 45 | I10: 600 | J10: =I10+H10 -> 600 | K10: =IFERROR(J10-E10-F10-G10,"") -> 555 | L10: =IFERROR(K10/J10,"") -> 0.925 | M10: 1208 | N10: 153 | O10: 60 | P10: =IFERROR((M10/N10*O10)/K10,"") -> 0.85355944 | Q10: =M10 -> 1208 | R10: =+Q10+AB10+AC10+AD10 -> 1227 | S10: 18 | T10: 5 | U10: 1 | V10: 0 | W10: 0 | X10: 79 | Y10: 0 | Z10: 1 | AA10: 0 | AB10: 16 | AC10: 1 | AD10: 2 | AK10: =+AD10+AE10+AF10+AG10+AH10+AI10 -> 2 | AL10: =WEEKNUM(D10,21) -> 2 | AM10: =AK10 -> 2 | AN10: =IFERROR(Q10/R10,"") -> 0.98451508 | AO10: =IFERROR(AN10*P10*L10,"") -> 0.77731648 | AP10: =IFERROR(AM10/R10*1000000,"") -> 1629.9919 | AQ10: =+AB10*0.78 -> 12.48 | AR10: =+AC10*0.2 -> 0.2 | AS10: =+AD10*0.1 -> 0.2 | AT10: =SUM(AQ10:AS10) -> 12.88 | AX10: =+AW10+AU10+AT10+AV10 -> 12.88 | BA10: =IFERROR(M10/N10*60,"") -> 473.72549 | BB10: 1 | BC10: =IFERROR(BA10*BB10,"") -> 473.72549 | BD10: =IFERROR(BB10*K10,"") -> 555 | BE10: =J10*BB10 -> 600 | BF10: =BC10/BE10 -> 0.78954248 | BG10: roberto
A11: =+A10+1 -> 9 | B11: 3140CS022 | C11: 2 | D11: 45666 | I11: 240 | J11: =I11+H11 -> 240 | K11: =IFERROR(J11-E11-F11-G11,"") -> 240 | L11: =IFERROR(K11/J11,"") -> 1 | M11: 816 | N11: 153 | O11: 60 | P11: =IFERROR((M11/N11*O11)/K11,"") -> 1.3333333 | Q11: =M11 -> 816 | R11: =+Q11+AB11+AC11+AD11 -> 837 | S11: 9 | T11: 0 | U11: 2 | V11: 0 | W11: 0 | X11: 59 | Y11: 0 | Z11: 0 | AA11: 0 | AB11: 18 | AC11: 1 | AD11: 2 | AK11: =+AD11+AE11+AF11+AG11+AH11+AI11 -> 2 | AL11: =WEEKNUM(D11,21) -> 2 | AM11: =AK11 -> 2 | AN11: =IFERROR(Q11/R11,"") -> 0.97491039 | AO11: =IFERROR(AN11*P11*L11,"") -> 1.2998805 | AP11: =IFERROR(AM11/R11*1000000,"") -> 2389.4863 | AQ11: =+AB11*0.78 -> 14.04 | AR11: =+AC11*0.2 -> 0.2 | AS11: =+AD11*0.1 -> 0.2 | AT11: =SUM(AQ11:AS11) -> 14.44 | AX11: =+AW11+AU11+AT11+AV11 -> 14.44 | BA11: =IFERROR(M11/N11*60,"") -> 320 | BB11: 1 | BC11: =IFERROR(BA11*BB11,"") -> 320 | BD11: =IFERROR(BB11*K11,"") -> 240 | BE11: =J11*BB11 -> 240 | BF11: =BC11/BE11 -> 1.3333333 | BG11: viviana
A12: =+A11+1 -> 10 | B12: 3140CS022 RW | C12: 2 | D12: 45666 | E12: 20 | I12: 205 | J12: =I12+H12 -> 205 | K12: =IFERROR(J12-E12-F12-G12,"") -> 185 | L12: =IFERROR(K12/J12,"") -> 0.90243902 | M12: 114 | N12: 153 | O12: 60 | P12: =IFERROR((M12/N12*O12)/K12,"") -> 0.24165342 | Q12: =M12 -> 114 | R12: =+Q12+AB12+AC12+AD12 -> 116 | AD12: 2 | AK12: =+AD12+AE12+AF12+AG12+AH12+AI12 -> 2 | AL12: =WEEKNUM(D12,21) -> 2 | AM12: =AK12 -> 2 | AN12: =IFERROR(Q12/R12,"") -> 0.98275862 | AO12: =IFERROR(AN12*P12*L12,"") -> 0.21431752 | AP12: =IFERROR(AM12/R12*1000000,"") -> 17241.379 | AQ12: =+AB12*0.78 -> 0 | AR12: =+AC12*0.2 -> 0 | AS12: =+AD12*0.1 -> 0.2 | AT12: =SUM(AQ12:AS12) -> 0.2 | AX12: =+AW12+AU12+AT12+AV12 -> 0.2 | BA12: =IFERROR(M12/N12*60,"") -> 44.705882 | BB12: 1 | BC12: =IFERROR(BA12*BB12,"") -> 44.705882 | BD12: =IFERROR(BB12*K12,"") -> 185 | BE12: =J12*BB12 -> 205 | BF12: =BC12/BE12 -> 0.21807747 | BG12: viviana
A13: =+A12+1 -> 11 | B13: 3140CS023 SET UP | C13: 1 | D13: 45667 | E13: =43+60 -> 103 | I13: 600 | J13: =I13+H13 -> 600 | K13: =IFERROR(J13-E13-F13-G13,"") -> 497 | L13: =IFERROR(K13/J13,"") -> 0.82833333 | M13: 894 | N13: 153 | O13: 60 | P13: =IFERROR((M13/N13*O13)/K13,"") -> 0.70540892 | Q13: =M13 -> 894 | R13: =+Q13+AB13+AC13+AD13 -> 961 | S13: 28 | T13: 3 | U13: 2 | V13: 2 | W13: 0 | X13: 76 | Y13: 0 | Z13: 0 | AA13: 1 | AB13: 45 | AC13: 16 | AD13: 6 | AK13: =+AD13+AE13+AF13+AG13+AH13+AI13 -> 6 | AL13: =WEEKNUM(D13,21) -> 2 | AM13: =AK13 -> 6 | AN13: =IFERROR(Q13/R13,"") -> 0.93028096 | AO13: =IFERROR(AN13*P13*L13,"") -> 0.54357593 | AP13: =IFERROR(AM13/R13*1000000,"") -> 6243.4964 | AQ13: =+AB13*0.78 -> 35.1 | AR13: =+AC13*0.2 -> 3.2 | AS13: =+AD13*0.1 -> 0.6 | AT13: =SUM(AQ13:AS13) -> 38.9 | AX13: =+AW13+AU13+AT13+AV13 -> 38.9 | BA13: =IFERROR(M13/N13*60,"") -> 350.58824 | BB13: 1 | BC13: =IFERROR(BA13*BB13,"") -> 350.58824 | BD13: =IFERROR(BB13*K13,"") -> 497 | BE13: =J13*BB13 -> 600 | BF13: =BC13/BE13 -> 0.58431373 | BG13: roberto
A14: =+A13+1 -> 12 | B14: 3140CS023 | C14: 2 | D14: 45667 | I14: =60*4 -> 240 | J14: =I14+H14 -> 240 | K14: =IFERROR(J14-E14-F14-G14,"") -> 240 | L14: =IFERROR(K14/J14,"") -> 1 | M14: =253+18 -> 271 | N14: 153 | O14: 60 | P14: =IFERROR((M14/N14*O14)/K14,"") -> 0.44281046 | Q14: =M14 -> 271 | R14: =+Q14+AB14+AC14+AD14 -> 275 | S14: 7 | T14: 4 | U14: 2 | V14: 0 | W14: 0 | X14: 2 | Y14: 0 | Z14: 0 | AA14: 0 | AB14: 3 | AC14: 0 | AD14: 1 | AK14: =+AD14+AE14+AF14+AG14+AH14+AI14 -> 1 | AL14: =WEEKNUM(D14,21) -> 2 | AM14: =AK14 -> 1 | AN14: =IFERROR(Q14/R14,"") -> 0.98545455 | AO14: =IFERROR(AN14*P14*L14,"") -> 0.43636958 | AP14: =IFERROR(AM14/R14*1000000,"") -> 3636.3636 | AQ14: =+AB14*0.78 -> 2.34 | AR14: =+AC14*0.2 -> 0 | AS14: =+AD14*0.1 -> 0.1 | AT14: =SUM(AQ14:AS14) -> 2.44 | AX14: =+AW14+AU14+AT14+AV14 -> 2.44 | BA14: =IFERROR(M14/N14*60,"") -> 106.27451 | BB14: 1 | BC14: =IFERROR(BA14*BB14,"") -> 106.27451 | BD14: =IFERROR(BB14*K14,"") -> 240 | BE14: =J14*BB14 -> 240 | BF14: =BC14/BE14 -> 0.44281046 | BG14: viviana
A15: =+A14+1 -> 13 | B15: 3140CA027 SET UP | C15: 2 | D15: 45667 | I15: 205 | J15: =I15+H15 -> 205 | K15: =IFERROR(J15-E15-F15-G15,"") -> 205 | L15: =IFERROR(K15/J15,"") -> 1 | M15: 0 | N15: 153 | O15: 60 | P15: =IFERROR((M15/N15*O15)/K15,"") -> 0 | Q15: =M15 -> 0 | R15: =+Q15+AB15+AC15+AD15 -> 0 | AK15: =+AD15+AE15+AF15+AG15+AH15+AI15 -> 0 | AL15: =WEEKNUM(D15,21) -> 2 | AM15: =AK15 -> 0 | AN15: =IFERROR(Q15/R15,"") | AO15: =IFERROR(AN15*P15*L15,"") | AP15: =IFERROR(AM15/R15*1000000,"") | AQ15: =+AB15*0.78 -> 0 | AR15: =+AC15*0.2 -> 0 | AS15: =+AD15*0.1 -> 0 | AT15: =SUM(AQ15:AS15) -> 0 | AX15: =+AW15+AU15+AT15+AV15 -> 0 | BA15: =IFERROR(M15/N15*60,"") -> 0 | BC15: =IFERROR(BA15*BB15,"") -> 0 | BD15: =IFERROR(BB15*K15,"") -> 0 | BE15: =J15*BB15 -> 0 | BF15: =BC15/BE15 -> #DIV/0!
A16: =+A15+1 -> 14 | B16: 3140CA027 | C16: 1 | D16: 45670 | E16: =60*3 -> 180 | F16: 12 | I16: 600 | J16: =I16+H16 -> 600 | K16: =IFERROR(J16-E16-F16-G16,"") -> 408 | L16: =IFERROR(K16/J16,"") -> 0.68 | M16: 756 | N16: 153 | O16: 60 | P16: =IFERROR((M16/N16*O16)/K16,"") -> 0.7266436 | Q16: =M16 -> 756 | R16: =+Q16+AB16+AC16+AD16 -> 816 | S16: 13 | T16: 1 | U16: 18 | V16: 4 | W16: 0 | X16: 8 | Y16: 1 | Z16: 0 | AA16: 0 | AB16: 41 | AC16: 17 | AD16: 2 | AK16: =+AD16+AE16+AF16+AG16+AH16+AI16 -> 2 | AL16: =WEEKNUM(D16,21) -> 3 | AM16: =AK16 -> 2 | AN16: =IFERROR(Q16/R16,"") -> 0.92647059 | AO16: =IFERROR(AN16*P16*L16,"") -> 0.45778547 | AP16: =IFERROR(AM16/R16*1000000,"") -> 2450.9804 | AQ16: =+AB16*0.78 -> 31.98 | AR16: =+AC16*0.2 -> 3.4 | AS16: =+AD16*0.1 -> 0.2 | AT16: =SUM(AQ16:AS16) -> 35.58 | AX16: =+AW16+AU16+AT16+AV16 -> 35.58 | BA16: =IFERROR(M16/N16*60,"") -> 296.47059 | BB16: 1 | BC16: =IFERROR(BA16*BB16,"") -> 296.47059 | BD16: =IFERROR(BB16*K16,"") -> 408 | BE16: =J16*BB16 -> 600 | BF16: =BC16/BE16 -> 0.49411765 | BG16: roberto
A17: =+A16+1 -> 15 | B17: 3140CA027 | C17: 2 | D17: 45670 | I17: 540 | J17: =I17+H17 -> 540 | K17: =IFERROR(J17-E17-F17-G17,"") -> 540 | L17: =IFERROR(K17/J17,"") -> 1 | M17: 860 | N17: 153 | O17: 60 | P17: =IFERROR((M17/N17*O17)/K17,"") -> 0.62454611 | Q17: =M17 -> 860 | R17: =+Q17+AB17+AC17+AD17 -> 969 | S17: 13 | T17: 2 | U17: 2 | V17: 3 | W17: 0 | X17: 6 | Y17: 1 | Z17: 0 | AA17: 0 | AB17: 95 | AC17: 14 | AD17: 0 | AK17: =+AD17+AE17+AF17+AG17+AH17+AI17 -> 0 | AL17: =WEEKNUM(D17,21) -> 3 | AM17: =AK17 -> 0 | AN17: =IFERROR(Q17/R17,"") -> 0.8875129 | AO17: =IFERROR(AN17*P17*L17,"") -> 0.55429273 | AP17: =IFERROR(AM17/R17*1000000,"") -> 0 | AQ17: =+AB17*0.78 -> 74.1 | AR17: =+AC17*0.2 -> 2.8 | AS17: =+AD17*0.1 -> 0 | AT17: =SUM(AQ17:AS17) -> 76.9 | AX17: =+AW17+AU17+AT17+AV17 -> 76.9 | BA17: =IFERROR(M17/N17*60,"") -> 337.2549 | BB17: 1 | BC17: =IFERROR(BA17*BB17,"") -> 337.2549 | BD17: =IFERROR(BB17*K17,"") -> 540 | BE17: =J17*BB17 -> 540 | BF17: =BC17/BE17 -> 0.62454611 | BG17: viviana
A18: =+A17+1 -> 16 | B18: 3140CA027 | C18: 1 | D18: 45671 | E18: 41 | I18: 600 | J18: =I18+H18 -> 600 | K18: =IFERROR(J18-E18-F18-G18,"") -> 559 | L18: =IFERROR(K18/J18,"") -> 0.93166667 | M18: 867 | N18: 153 | O18: 60 | P18: =IFERROR((M18/N18*O18)/K18,"") -> 0.60822898 | Q18: =M18 -> 867 | R18: =+Q18+AB18+AC18+AD18 -> 952 | S18: 6 | T18: 1 | U18: 34 | V18: 0 | W18: 0 | X18: 2 | Y18: 0 | Z18: 0 | AA18: 0 | AB18: 64 | AC18: 9 | AD18: 12 | AK18: =+AD18+AE18+AF18+AG18+AH18+AI18 -> 12 | AL18: =WEEKNUM(D18,21) -> 3 | AM18: =AK18 -> 12 | AN18: =IFERROR(Q18/R18,"") -> 0.91071429 | AO18: =IFERROR(AN18*P18*L18,"") -> 0.51607143 | AP18: =IFERROR(AM18/R18*1000000,"") -> 12605.042 | AQ18: =+AB18*0.78 -> 49.92 | AR18: =+AC18*0.2 -> 1.8 | AS18: =+AD18*0.1 -> 1.2 | AT18: =SUM(AQ18:AS18) -> 52.92 | AX18: =+AW18+AU18+AT18+AV18 -> 52.92 | BA18: =IFERROR(M18/N18*60,"") -> 340 | BB18: 1 | BC18: =IFERROR(BA18*BB18,"") -> 340 | BD18: =IFERROR(BB18*K18,"") -> 559 | BE18: =J18*BB18 -> 600 | BF18: =BC18/BE18 -> 0.56666667 | BG18: roberto
A19: =+A18+1 -> 17 | B19: 3140CA027 | C19: 2 | D19: 45671 | I19: 540 | J19: =I19+H19 -> 540 | K19: =IFERROR(J19-E19-F19-G19,"") -> 540 | L19: =IFERROR(K19/J19,"") -> 1 | M19: 968 | N19: 153 | O19: 60 | P19: =IFERROR((M19/N19*O19)/K19,"") -> 0.70297749 | Q19: =M19 -> 968 | R19: =+Q19+AB19+AC19+AD19 -> 1043 | S19: 11 | T19: 4 | U19: 62 | V19: 0 | W19: 2 | X19: 3 | Y19: 0 | Z19: 2 | AA19: 0 | AB19: 63 | AC19: 8 | AD19: 4 | AK19: =+AD19+AE19+AF19+AG19+AH19+AI19 -> 4 | AL19: =WEEKNUM(D19,21) -> 3 | AM19: =AK19 -> 4 | AN19: =IFERROR(Q19/R19,"") -> 0.92809204 | AO19: =IFERROR(AN19*P19*L19,"") -> 0.65242781 | AP19: =IFERROR(AM19/R19*1000000,"") -> 3835.0911 | AQ19: =+AB19*0.78 -> 49.14 | AR19: =+AC19*0.2 -> 1.6 | AS19: =+AD19*0.1 -> 0.4 | AT19: =SUM(AQ19:AS19) -> 51.14 | AX19: =+AW19+AU19+AT19+AV19 -> 51.14 | BA19: =IFERROR(M19/N19*60,"") -> 379.60784 | BB19: 1 | BC19: =IFERROR(BA19*BB19,"") -> 379.60784 | BD19: =IFERROR(BB19*K19,"") -> 540 | BE19: =J19*BB19 -> 540 | BF19: =BC19/BE19 -> 0.70297749 | BG19: viviana
A20: =+A19+1 -> 18 | B20: 3140CA027 MAS RW | C20: 1 | D20: 45672 | E20: 41 | I20: =4.5*60 -> 270 | J20: =I20+H20 -> 270 | K20: =IFERROR(J20-E20-F20-G20,"") -> 229 | L20: =IFERROR(K20/J20,"") -> 0.84814815 | M20: =240+171 -> 411 | N20: 153 | O20: 60 | P20: =IFERROR((M20/N20*O20)/K20,"") -> 0.70382738 | Q20: =M20 -> 411 | R20: =+Q20+AB20+AC20+AD20 -> 430 | S20: 3 | T20: 4 | U20: 7 | V20: 0 | W20: 0 | X20: 1 | Y20: 0 | Z20: 0 | AA20: 0 | AB20: 13 | AC20: 0 | AD20: 6 | AK20: =+AD20+AE20+AF20+AG20+AH20+AI20 -> 6 | AL20: =WEEKNUM(D20,21) -> 3 | AM20: =AK20 -> 6 | AN20: =IFERROR(Q20/R20,"") -> 0.95581395 | AO20: =IFERROR(AN20*P20*L20,"") -> 0.57057304 | AP20: =IFERROR(AM20/R20*1000000,"") -> 13953.488 | AQ20: =+AB20*0.78 -> 10.14 | AR20: =+AC20*0.2 -> 0 | AS20: =+AD20*0.1 -> 0.6 | AT20: =SUM(AQ20:AS20) -> 10.74 | AX20: =+AW20+AU20+AT20+AV20 -> 10.74 | BA20: =IFERROR(M20/N20*60,"") -> 161.17647 | BB20: 1 | BC20: =IFERROR(BA20*BB20,"") -> 161.17647 | BD20: =IFERROR(BB20*K20,"") -> 229 | BE20: =J20*BB20 -> 270 | BF20: =BC20/BE20 -> 0.59694989 | BG20: roberto
A21: =+A20+1 -> 19 | B21: 3140CA028 LIB | C21: 2 | D21: 45672 | E21: 85 | I21: =60*7-60 -> 360 | J21: =I21+H21 -> 360 | K21: =IFERROR(J21-E21-F21-G21,"") -> 275 | L21: =IFERROR(K21/J21,"") -> 0.76388889 | M21: 789 | N21: 153 | O21: 60 | P21: =IFERROR((M21/N21*O21)/K21,"") -> 1.1251337 | Q21: =M21 -> 789 | R21: =+Q21+AB21+AC21+AD21 -> 857 | S21: 2 | T21: 0 | U21: 0 | V21: 0 | W21: 0 | X21: 5 | Y21: 0 | Z21: 1 | AA21: 0 | AB21: 31 | AC21: 26 | AD21: 11 | AK21: =+AD21+AE21+AF21+AG21+AH21+AI21 -> 11 | AL21: =WEEKNUM(D21,21) -> 3 | AM21: =AK21 -> 11 | AN21: =IFERROR(Q21/R21,"") -> 0.92065344 | AO21: =IFERROR(AN21*P21*L21,"") -> 0.79128057 | AP21: =IFERROR(AM21/R21*1000000,"") -> 12835.473 | AQ21: =+AB21*0.78 -> 24.18 | AR21: =+AC21*0.2 -> 5.2 | AS21: =+AD21*0.1 -> 1.1 | AT21: =SUM(AQ21:AS21) -> 30.48 | AX21: =+AW21+AU21+AT21+AV21 -> 30.48 | BA21: =IFERROR(M21/N21*60,"") -> 309.41176 | BB21: 1 | BC21: =IFERROR(BA21*BB21,"") -> 309.41176 | BD21: =IFERROR(BB21*K21,"") -> 275 | BE21: =J21*BB21 -> 360 | BF21: =BC21/BE21 -> 0.85947712 | BG21: viviana
A22: =+A21+1 -> 20 | B22: 3140CA028 | C22: 1 | D22: 45673 | E22: 54 | I22: 600 | J22: =I22+H22 -> 600 | K22: =IFERROR(J22-E22-F22-G22,"") -> 546 | L22: =IFERROR(K22/J22,"") -> 0.91 | M22: 911 | N22: 153 | O22: 60 | P22: =IFERROR((M22/N22*O22)/K22,"") -> 0.65431301 | Q22: =M22 -> 911 | R22: =+Q22+AB22+AC22+AD22 -> 1069 | S22: 16 | T22: 1 | U22: 1 | V22: 0 | W22: 0 | X22: 13 | Y22: 0 | Z22: 1 | AA22: 2 | AB22: 111 | AC22: 31 | AD22: 16 | AK22: =+AD22+AE22+AF22+AG22+AH22+AI22 -> 16 | AL22: =WEEKNUM(D22,21) -> 3 | AM22: =AK22 -> 16 | AN22: =IFERROR(Q22/R22,"") -> 0.85219832 | AO22: =IFERROR(AN22*P22*L22,"") -> 0.50742004 | AP22: =IFERROR(AM22/R22*1000000,"") -> 14967.259 | AQ22: =+AB22*0.78 -> 86.58 | AR22: =+AC22*0.2 -> 6.2 | AS22: =+AD22*0.1 -> 1.6 | AT22: =SUM(AQ22:AS22) -> 94.38 | AX22: =+AW22+AU22+AT22+AV22 -> 94.38 | BA22: =IFERROR(M22/N22*60,"") -> 357.2549 | BB22: 1 | BC22: =IFERROR(BA22*BB22,"") -> 357.2549 | BD22: =IFERROR(BB22*K22,"") -> 546 | BE22: =J22*BB22 -> 600 | BF22: =BC22/BE22 -> 0.59542484 | BG22: roberto
A23: =+A22+1 -> 21 | B23: 3140CA028 | C23: 2 | D23: 45673 | I23: 540 | J23: =I23+H23 -> 540 | K23: =IFERROR(J23-E23-F23-G23,"") -> 540 | L23: =IFERROR(K23/J23,"") -> 1 | M23: 908 | N23: 153 | O23: 60 | P23: =IFERROR((M23/N23*O23)/K23,"") -> 0.6594045 | Q23: =M23 -> 908 | R23: =+Q23+AB23+AC23+AD23 -> 960 | S23: 9 | T23: 1 | U23: 0 | V23: 0 | W23: 0 | X23: 8 | Y23: 0 | Z23: 1 | AA23: 0 | AB23: 21 | AC23: 29 | AD23: 2 | AK23: =+AD23+AE23+AF23+AG23+AH23+AI23 -> 2 | AL23: =WEEKNUM(D23,21) -> 3 | AM23: =AK23 -> 2 | AN23: =IFERROR(Q23/R23,"") -> 0.94583333 | AO23: =IFERROR(AN23*P23*L23,"") -> 0.62368676 | AP23: =IFERROR(AM23/R23*1000000,"") -> 2083.3333 | AQ23: =+AB23*0.78 -> 16.38 | AR23: =+AC23*0.2 -> 5.8 | AS23: =+AD23*0.1 -> 0.2 | AT23: =SUM(AQ23:AS23) -> 22.38 | AX23: =+AW23+AU23+AT23+AV23 -> 22.38 | BA23: =IFERROR(M23/N23*60,"") -> 356.07843 | BB23: 1 | BC23: =IFERROR(BA23*BB23,"") -> 356.07843 | BD23: =IFERROR(BB23*K23,"") -> 540 | BE23: =J23*BB23 -> 540 | BF23: =BC23/BE23 -> 0.6594045 | BG23: viviana
A24: =+A23+1 -> 22 | B24: 3140CA028 RW CAW/ SET UO 029 | C24: 1 | D24: 45674 | E24: 43 | I24: =5*60 -> 300 | J24: =I24+H24 -> 300 | K24: =IFERROR(J24-E24-F24-G24,"") -> 257 | L24: =IFERROR(K24/J24,"") -> 0.85666667 | M24: =102+78+379 -> 559 | N24: 153 | O24: 60 | P24: =IFERROR((M24/N24*O24)/K24,"") -> 0.85297932 | Q24: =M24 -> 559 | R24: =+Q24+AB24+AC24+AD24 -> 559 | AK24: =+AD24+AE24+AF24+AG24+AH24+AI24 -> 0 | AL24: =WEEKNUM(D24,21) -> 3 | AM24: =AK24 -> 0 | AN24: =IFERROR(Q24/R24,"") -> 1 | AO24: =IFERROR(AN24*P24*L24,"") -> 0.73071895 | AP24: =IFERROR(AM24/R24*1000000,"") -> 0 | AQ24: =+AB24*0.78 -> 0 | AR24: =+AC24*0.2 -> 0 | AS24: =+AD24*0.1 -> 0 | AT24: =SUM(AQ24:AS24) -> 0 | AX24: =+AW24+AU24+AT24+AV24 -> 0 | BA24: =IFERROR(M24/N24*60,"") -> 219.21569 | BB24: 1 | BC24: =IFERROR(BA24*BB24,"") -> 219.21569 | BD24: =IFERROR(BB24*K24,"") -> 257 | BE24: =J24*BB24 -> 300 | BF24: =BC24/BE24 -> 0.73071895 | BG24: ROBERTO
A25: =+A24+1 -> 23 | B25: 3140CA029 LIB | C25: 2 | D25: 45674 | E25: =60*3 -> 180 | I25: =60*6 -> 360 | J25: =I25+H25 -> 360 | K25: =IFERROR(J25-E25-F25-G25,"") -> 180 | L25: =IFERROR(K25/J25,"") -> 0.5 | M25: 486 | N25: 153 | O25: 60 | P25: =IFERROR((M25/N25*O25)/K25,"") -> 1.0588235 | Q25: =M25 -> 486 | R25: =+Q25+AB25+AC25+AD25 -> 560 | S25: 32 | T25: 1 | U25: 36 | V25: 0 | W25: 0 | X25: 5 | Y25: 1 | Z25: 14 | AA25: 0 | AB25: 11 | AC25: 41 | AD25: 22 | AK25: =+AD25+AE25+AF25+AG25+AH25+AI25 -> 22 | AL25: =WEEKNUM(D25,21) -> 3 | AM25: =AK25 -> 22 | AN25: =IFERROR(Q25/R25,"") -> 0.86785714 | AO25: =IFERROR(AN25*P25*L25,"") -> 0.45945378 | AP25: =IFERROR(AM25/R25*1000000,"") -> 39285.714 | AQ25: =+AB25*0.5 -> 5.5 | AR25: =+AC25*0.2 -> 8.2 | AS25: =+AD25*0.1 -> 2.2 | AT25: =SUM(AQ25:AS25) -> 15.9 | AX25: =+AW25+AU25+AT25+AV25 -> 15.9 | BA25: =IFERROR(M25/N25*60,"") -> 190.58824 | BB25: 1 | BC25: =IFERROR(BA25*BB25,"") -> 190.58824 | BD25: =IFERROR(BB25*K25,"") -> 180 | BE25: =J25*BB25 -> 360 | BF25: =BC25/BE25 -> 0.52941176 | BG25: PATY
A26: =+A25+1 -> 24 | B26: 3140CA029 | C26: 1 | D26: 45677 | E26: 45 | I26: 600 | J26: =I26+H26 -> 600 | K26: =IFERROR(J26-E26-F26-G26,"") -> 555 | L26: =IFERROR(K26/J26,"") -> 0.925 | M26: 1248 | N26: 153 | O26: 60 | P26: =IFERROR((M26/N26*O26)/K26,"") -> 0.881823 | Q26: =M26 -> 1248 | R26: =+Q26+AB26+AC26+AD26 -> 1290 | S26: 19 | T26: 9 | U26: 5 | V26: 0 | W26: 2 | X26: 7 | Y26: 0 | Z26: 1 | AA26: 0 | AB26: 28 | AC26: 3 | AD26: 11 | AK26: =+AD26+AE26+AF26+AG26+AH26+AI26 -> 11 | AL26: =WEEKNUM(D26,21) -> 4 | AM26: =AK26 -> 11 | AN26: =IFERROR(Q26/R26,"") -> 0.96744186 | AO26: =IFERROR(AN26*P26*L26,"") -> 0.78912905 | AP26: =IFERROR(AM26/R26*1000000,"") -> 8527.1318 | AQ26: =+AB26*0.5 -> 14 | AR26: =+AC26*0.2 -> 0.6 | AS26: =+AD26*0.1 -> 1.1 | AT26: =SUM(AQ26:AS26) -> 15.7 | AX26: =+AW26+AU26+AT26+AV26 -> 15.7 | BA26: =IFERROR(M26/N26*60,"") -> 489.41176 | BB26: 1 | BC26: =IFERROR(BA26*BB26,"") -> 489.41176 | BD26: =IFERROR(BB26*K26,"") -> 555 | BE26: =J26*BB26 -> 600 | BF26: =BC26/BE26 -> 0.81568627 | BG26: ROBERTO
A27: =+A26+1 -> 25 | B27: 3140CA029 | C27: 2 | D27: 45677 | I27: 540 | J27: =I27+H27 -> 540 | K27: =IFERROR(J27-E27-F27-G27,"") -> 540 | L27: =IFERROR(K27/J27,"") -> 1 | M27: 1166 | N27: 153 | O27: 60 | P27: =IFERROR((M27/N27*O27)/K27,"") -> 0.84676834 | Q27: =M27 -> 1166 | R27: =+Q27+AB27+AC27+AD27 -> 1207 | S27: 6 | T27: 3 | U27: 31 | V27: 0 | W27: 8 | X27: 5 | Y27: 0 | Z27: 2 | AA27: 0 | AB27: 27 | AC27: 13 | AD27: 1 | AK27: =+AD27+AE27+AF27+AG27+AH27+AI27 -> 1 | AL27: =WEEKNUM(D27,21) -> 4 | AM27: =AK27 -> 1 | AN27: =IFERROR(Q27/R27,"") -> 0.96603148 | AO27: =IFERROR(AN27*P27*L27,"") -> 0.81800487 | AP27: =IFERROR(AM27/R27*1000000,"") -> 828.50041 | AQ27: =+AB27*0.5 -> 13.5 | AR27: =+AC27*0.2 -> 2.6 | AS27: =+AD27*0.1 -> 0.1 | AT27: =SUM(AQ27:AS27) -> 16.2 | AX27: =+AW27+AU27+AT27+AV27 -> 16.2 | BA27: =IFERROR(M27/N27*60,"") -> 457.2549 | BB27: 1 | BC27: =IFERROR(BA27*BB27,"") -> 457.2549 | BD27: =IFERROR(BB27*K27,"") -> 540 | BE27: =J27*BB27 -> 540 | BF27: =BC27/BE27 -> 0.84676834 | BG27: viviana
A28: =+A27+1 -> 26 | B28: 3140CA029 | C28: 1 | D28: 45678 | E28: 45 | I28: 600 | J28: =I28+H28 -> 600 | K28: =IFERROR(J28-E28-F28-G28,"") -> 555 | L28: =IFERROR(K28/J28,"") -> 0.925 | M28: 1221 | N28: 153 | O28: 60 | P28: =IFERROR((M28/N28*O28)/K28,"") -> 0.8627451 | Q28: =M28 -> 1221 | R28: =+Q28+AB28+AC28+AD28 -> 1250 | S28: 17 | T28: 50 | U28: 3 | V28: 0 | W28: 0 | X28: 9 | Y28: 0 | Z28: 5 | AA28: 0 | AB28: 20 | AC28: 9 | AD28: 0 | AK28: =+AD28+AE28+AF28+AG28+AH28+AI28 -> 0 | AL28: =WEEKNUM(D28,21) -> 4 | AM28: =AK28 -> 0 | AN28: =IFERROR(Q28/R28,"") -> 0.9768 | AO28: =IFERROR(AN28*P28*L28,"") -> 0.77952471 | AP28: =IFERROR(AM28/R28*1000000,"") -> 0 | AQ28: =+AB28*0.5 -> 10 | AR28: =+AC28*0.2 -> 1.8 | AS28: =+AD28*0.1 -> 0 | AT28: =SUM(AQ28:AS28) -> 11.8 | AX28: =+AW28+AU28+AT28+AV28 -> 11.8 | BA28: =IFERROR(M28/N28*60,"") -> 478.82353 | BB28: 1 | BC28: =IFERROR(BA28*BB28,"") -> 478.82353 | BD28: =IFERROR(BB28*K28,"") -> 555 | BE28: =J28*BB28 -> 600 | BF28: =BC28/BE28 -> 0.79803922 | BG28: roberto
A29: =+A28+1 -> 27 | B29: 3140CA029 | C29: 2 | D29: 45678 | I29: 540 | J29: =I29+H29 -> 540 | K29: =IFERROR(J29-E29-F29-G29,"") -> 540 | L29: =IFERROR(K29/J29,"") -> 1 | M29: 1226 | N29: 153 | O29: 60 | P29: =IFERROR((M29/N29*O29)/K29,"") -> 0.89034132 | Q29: =M29 -> 1226 | R29: =+Q29+AB29+AC29+AD29 -> 1246 | S29: 9 | T29: 4 | U29: 0 | V29: 0 | W29: 4 | X29: 4 | Y29: 0 | Z29: 1 | AA29: 1 | AB29: 4 | AC29: 16 | AD29: 0 | AK29: =+AD29+AE29+AF29+AG29+AH29+AI29 -> 0 | AL29: =WEEKNUM(D29,21) -> 4 | AM29: =AK29 -> 0 | AN29: =IFERROR(Q29/R29,"") -> 0.98394864 | AO29: =IFERROR(AN29*P29*L29,"") -> 0.87605013 | AP29: =IFERROR(AM29/R29*1000000,"") -> 0 | AQ29: =+AB29*0.5 -> 2 | AR29: =+AC29*0.2 -> 3.2 | AS29: =+AD29*0.1 -> 0 | AT29: =SUM(AQ29:AS29) -> 5.2 | AX29: =+AW29+AU29+AT29+AV29 -> 5.2 | BA29: =IFERROR(M29/N29*60,"") -> 480.78431 | BB29: 1 | BC29: =IFERROR(BA29*BB29,"") -> 480.78431 | BD29: =IFERROR(BB29*K29,"") -> 540 | BE29: =J29*BB29 -> 540 | BF29: =BC29/BE29 -> 0.89034132 | BG29: viviana
A30: =+A29+1 -> 28 | B30: 3140CA029 | C30: 1 | D30: 45679 | E30: 60 | F30: =53+11+17 -> 81 | I30: 600 | J30: =I30+H30 -> 600 | K30: =IFERROR(J30-E30-F30-G30,"") -> 459 | L30: =IFERROR(K30/J30,"") -> 0.765 | M30: 1161 | N30: 153 | O30: 60 | P30: =IFERROR((M30/N30*O30)/K30,"") -> 0.99192618 | Q30: =M30 -> 1161 | R30: =+Q30+AB30+AC30+AD30 -> 1193 | S30: 3 | T30: 3 | U30: 6 | V30: 0 | W30: 0 | X30: 17 | Y30: 0 | Z30: 3 | AA30: 1 | AB30: 11 | AC30: 18 | AD30: 3 | AK30: =+AD30+AE30+AF30+AG30+AH30+AI30 -> 3 | AL30: =WEEKNUM(D30,21) -> 4 | AM30: =AK30 -> 3 | AN30: =IFERROR(Q30/R30,"") -> 0.97317687 | AO30: =IFERROR(AN30*P30*L30,"") -> 0.7384695 | AP30: =IFERROR(AM30/R30*1000000,"") -> 2514.6689 | AQ30: =+AB30*0.5 -> 5.5 | AR30: =+AC30*0.2 -> 3.6 | AS30: =+AD30*0.1 -> 0.3 | AT30: =SUM(AQ30:AS30) -> 9.4 | AX30: =+AW30+AU30+AT30+AV30 -> 9.4 | BA30: =IFERROR(M30/N30*60,"") -> 455.29412 | BB30: 1 | BC30: =IFERROR(BA30*BB30,"") -> 455.29412 | BD30: =IFERROR(BB30*K30,"") -> 459 | BE30: =J30*BB30 -> 600 | BF30: =BC30/BE30 -> 0.75882353 | BG30: roberto
A31: =+A30+1 -> 29 | B31: 3140CA029 | C31: 2 | D31: 45679 | F31: 60 | I31: 540 | J31: =I31+H31 -> 540 | K31: =IFERROR(J31-E31-F31-G31,"") -> 480 | L31: =IFERROR(K31/J31,"") -> 0.88888889 | M31: 970 | N31: 153 | O31: 60 | P31: =IFERROR((M31/N31*O31)/K31,"") -> 0.79248366 | Q31: =M31 -> 970 | R31: =+Q31+AB31+AC31+AD31 -> 1012 | S31: 3 | T31: 1 | U31: 28 | V31: 0 | W31: 0 | X31: 1 | Y31: 0 | Z31: 8 | AA31: 1 | AB31: 16 | AC31: 23 | AD31: 3 | AK31: =+AD31+AE31+AF31+AG31+AH31+AI31 -> 3 | AL31: =WEEKNUM(D31,21) -> 4 | AM31: =AK31 -> 3 | AN31: =IFERROR(Q31/R31,"") -> 0.95849802 | AO31: =IFERROR(AN31*P31*L31,"") -> 0.67519469 | AP31: =IFERROR(AM31/R31*1000000,"") -> 2964.4269 | AQ31: =+AB31*0.5 -> 8 | AR31: =+AC31*0.2 -> 4.6 | AS31: =+AD31*0.1 -> 0.3 | AT31: =SUM(AQ31:AS31) -> 12.9 | AX31: =+AW31+AU31+AT31+AV31 -> 12.9 | BA31: =IFERROR(M31/N31*60,"") -> 380.39216 | BB31: 1 | BC31: =IFERROR(BA31*BB31,"") -> 380.39216 | BD31: =IFERROR(BB31*K31,"") -> 480 | BE31: =J31*BB31 -> 540 | BF31: =BC31/BE31 -> 0.70442992 | BG31: viviana
A32: =+A31+1 -> 30 | B32: 3140CA029 | C32: 1 | D32: 45680 | E32: 45 | I32: 600 | J32: =I32+H32 -> 600 | K32: =IFERROR(J32-E32-F32-G32,"") -> 555 | L32: =IFERROR(K32/J32,"") -> 0.925 | M32: 1036 | N32: 153 | O32: 60 | P32: =IFERROR((M32/N32*O32)/K32,"") -> 0.73202614 | Q32: =M32 -> 1036 | R32: =+Q32+AB32+AC32+AD32 -> 1048 | S32: 20 | T32: 5 | U32: 63 | V32: 0 | W32: 2 | X32: 6 | Y32: 0 | Z32: 1 | AA32: 0 | AB32: 8 | AC32: 4 | AD32: 0 | AK32: =+AD32+AE32+AF32+AG32+AH32+AI32 -> 0 | AL32: =WEEKNUM(D32,21) -> 4 | AM32: =AK32 -> 0 | AN32: =IFERROR(Q32/R32,"") -> 0.98854962 | AO32: =IFERROR(AN32*P32*L32,"") -> 0.66937085 | AP32: =IFERROR(AM32/R32*1000000,"") -> 0 | AQ32: =+AB32*0.5 -> 4 | AR32: =+AC32*0.2 -> 0.8 | AS32: =+AD32*0.1 -> 0 | AT32: =SUM(AQ32:AS32) -> 4.8 | AX32: =+AW32+AU32+AT32+AV32 -> 4.8 | BA32: =IFERROR(M32/N32*60,"") -> 406.27451 | BB32: 1 | BC32: =IFERROR(BA32*BB32,"") -> 406.27451 | BD32: =IFERROR(BB32*K32,"") -> 555 | BE32: =J32*BB32 -> 600 | BF32: =BC32/BE32 -> 0.67712418 | BG32: roberto
A33: =+A32+1 -> 31 | B33: 3140CA029 | C33: 2 | D33: 45680 | F33: 210 | I33: 540 | J33: =I33+H33 -> 540 | K33: =IFERROR(J33-E33-F33-G33,"") -> 330 | L33: =IFERROR(K33/J33,"") -> 0.61111111 | M33: 680 | N33: 153 | O33: 60 | P33: =IFERROR((M33/N33*O33)/K33,"") -> 0.80808081 | Q33: =M33 -> 680 | R33: =+Q33+AB33+AC33+AD33 -> 719 | S33: 19 | T33: 2 | U33: 28 | V33: 0 | W33: 0 | X33: 3 | Y33: 0 | Z33: 0 | AA33: 0 | AB33: 1 | AC33: 38 | AD33: 0 | AK33: =+AD33+AE33+AF33+AG33+AH33+AI33 -> 0 | AL33: =WEEKNUM(D33,21) -> 4 | AM33: =AK33 -> 0 | AN33: =IFERROR(Q33/R33,"") -> 0.945758 | AO33: =IFERROR(AN33*P33*L33,"") -> 0.46704099 | AP33: =IFERROR(AM33/R33*1000000,"") -> 0 | AQ33: =+AB33*0.5 -> 0.5 | AR33: =+AC33*0.2 -> 7.6 | AS33: =+AD33*0.1 -> 0 | AT33: =SUM(AQ33:AS33) -> 8.1 | AX33: =+AW33+AU33+AT33+AV33 -> 8.1 | BA33: =IFERROR(M33/N33*60,"") -> 266.66667 | BB33: 1 | BC33: =IFERROR(BA33*BB33,"") -> 266.66667 | BD33: =IFERROR(BB33*K33,"") -> 330 | BE33: =J33*BB33 -> 540 | BF33: =BC33/BE33 -> 0.49382716 | BG33: viviana
A34: =+A33+1 -> 32 | B34: 3140CA029 | C34: 1 | D34: 45681 | E34: 45 | I34: 600 | J34: =I34+H34 -> 600 | K34: =IFERROR(J34-E34-F34-G34,"") -> 555 | L34: =IFERROR(K34/J34,"") -> 0.925 | M34: 1148 | N34: 153 | O34: 60 | P34: =IFERROR((M34/N34*O34)/K34,"") -> 0.81116411 | Q34: =M34 -> 1148 | R34: =+Q34+AB34+AC34+AD34 -> 1172 | S34: 16 | T34: 1 | U34: 6 | V34: 0 | W34: 0 | X34: 8 | Y34: 0 | Z34: 3 | AA34: 0 | AB34: 10 | AC34: 9 | AD34: 5 | AK34: =+AD34+AE34+AF34+AG34+AH34+AI34 -> 5 | AL34: =WEEKNUM(D34,21) -> 4 | AM34: =AK34 -> 5 | AN34: =IFERROR(Q34/R34,"") -> 0.97952218 | AO34: =IFERROR(AN34*P34*L34,"") -> 0.73496174 | AP34: =IFERROR(AM34/R34*1000000,"") -> 4266.2116 | AQ34: =+AB34*0.5 -> 5 | AR34: =+AC34*0.2 -> 1.8 | AS34: =+AD34*0.1 -> 0.5 | AT34: =SUM(AQ34:AS34) -> 7.3 | AX34: =+AW34+AU34+AT34+AV34 -> 7.3 | BA34: =IFERROR(M34/N34*60,"") -> 450.19608 | BB34: 1 | BC34: =IFERROR(BA34*BB34,"") -> 450.19608 | BD34: =IFERROR(BB34*K34,"") -> 555 | BE34: =J34*BB34 -> 600 | BF34: =BC34/BE34 -> 0.7503268 | BG34: roberto
A35: =+A34+1 -> 33 | B35: 3140CA029 | C35: 2 | D35: 45681 | I35: 540 | J35: =I35+H35 -> 540 | K35: =IFERROR(J35-E35-F35-G35,"") -> 540 | L35: =IFERROR(K35/J35,"") -> 1 | M35: 972 | N35: 153 | O35: 60 | P35: =IFERROR((M35/N35*O35)/K35,"") -> 0.70588235 | Q35: =M35 -> 972 | R35: =+Q35+AB35+AC35+AD35 -> 991 | S35: 34 | T35: 4 | U35: 5 | V35: 0 | W35: 0 | X35: 3 | Y35: 0 | Z35: 15 | AA35: 0 | AB35: 1 | AC35: 15 | AD35: 3 | AK35: =+AD35+AE35+AF35+AG35+AH35+AI35 -> 3 | AL35: =WEEKNUM(D35,21) -> 4 | AM35: =AK35 -> 3 | AN35: =IFERROR(Q35/R35,"") -> 0.98082745 | AO35: =IFERROR(AN35*P35*L35,"") -> 0.69234879 | AP35: =IFERROR(AM35/R35*1000000,"") -> 3027.2452 | AQ35: =+AB35*0.5 -> 0.5 | AR35: =+AC35*0.2 -> 3 | AS35: =+AD35*0.1 -> 0.3 | AT35: =SUM(AQ35:AS35) -> 3.8 | AX35: =+AW35+AU35+AT35+AV35 -> 3.8 | BA35: =IFERROR(M35/N35*60,"") -> 381.17647 | BB35: 1 | BC35: =IFERROR(BA35*BB35,"") -> 381.17647 | BD35: =IFERROR(BB35*K35,"") -> 540 | BE35: =J35*BB35 -> 540 | BF35: =BC35/BE35 -> 0.70588235 | BG35: viviana
A36: =+A35+1 -> 34 | B36: 3140CA029 | C36: 1 | D36: 45682 | E36: 45 | I36: 600 | J36: =I36+H36 -> 600 | K36: =IFERROR(J36-E36-F36-G36,"") -> 555 | L36: =IFERROR(K36/J36,"") -> 0.925 | M36: 1009 | N36: 153 | O36: 60 | P36: =IFERROR((M36/N36*O36)/K36,"") -> 0.71294824 | Q36: =M36 -> 1009 | R36: =+Q36+AB36+AC36+AD36 -> 1026 | S36: 59 | T36: 4 | U36: 12 | V36: 0 | W36: 4 | X36: 7 | Y36: 0 | Z36: 1 | AA36: 0 | AB36: 7 | AC36: 7 | AD36: 3 | AK36: =+AD36+AE36+AF36+AG36+AH36+AI36 -> 3 | AL36: =WEEKNUM(D36,21) -> 4 | AM36: =AK36 -> 3 | AN36: =IFERROR(Q36/R36,"") -> 0.9834308 | AO36: =IFERROR(AN36*P36*L36,"") -> 0.64855012 | AP36: =IFERROR(AM36/R36*1000000,"") -> 2923.9766 | AQ36: =+AB36*0.5 -> 3.5 | AR36: =+AC36*0.2 -> 1.4 | AS36: =+AD36*0.1 -> 0.3 | AT36: =SUM(AQ36:AS36) -> 5.2 | AX36: =+AW36+AU36+AT36+AV36 -> 5.2 | BA36: =IFERROR(M36/N36*60,"") -> 395.68627 | BB36: 1 | BC36: =IFERROR(BA36*BB36,"") -> 395.68627 | BD36: =IFERROR(BB36*K36,"") -> 555 | BE36: =J36*BB36 -> 600 | BF36: =BC36/BE36 -> 0.65947712 | BG36: lupita | BH36: zulma
A37: =+A36+1 -> 35 | B37: 3140CA029 | C37: 2 | D37: 45682 | I37: 540 | J37: =I37+H37 -> 540 | K37: =IFERROR(J37-E37-F37-G37,"") -> 540 | L37: =IFERROR(K37/J37,"") -> 1 | M37: 1030 | N37: 153 | O37: 60 | P37: =IFERROR((M37/N37*O37)/K37,"") -> 0.7480029 | Q37: =M37 -> 1030 | R37: =+Q37+AB37+AC37+AD37 -> 1054 | S37: 21 | T37: 1 | U37: 13 | V37: 0 | W37: 4 | X37: 1 | Y37: 0 | Z37: 0 | AA37: 0 | AB37: 18 | AC37: 1 | AD37: 5 | AK37: =+AD37+AE37+AF37+AG37+AH37+AI37 -> 5 | AL37: =WEEKNUM(D37,21) -> 4 | AM37: =AK37 -> 5 | AN37: =IFERROR(Q37/R37,"") -> 0.9772296 | AO37: =IFERROR(AN37*P37*L37,"") -> 0.73097058 | AP37: =IFERROR(AM37/R37*1000000,"") -> 4743.833 | AQ37: =+AB37*0.5 -> 9 | AR37: =+AC37*0.2 -> 0.2 | AS37: =+AD37*0.1 -> 0.5 | AT37: =SUM(AQ37:AS37) -> 9.7 | AX37: =+AW37+AU37+AT37+AV37 -> 9.7 | BA37: =IFERROR(M37/N37*60,"") -> 403.92157 | BB37: 1 | BC37: =IFERROR(BA37*BB37,"") -> 403.92157 | BD37: =IFERROR(BB37*K37,"") -> 540 | BE37: =J37*BB37 -> 540 | BF37: =BC37/BE37 -> 0.7480029 | BG37: paty
A38: =+A37+1 -> 36 | B38: 3140CA029 | C38: 1 | D38: 45684 | E38: 45 | I38: 600 | J38: =I38+H38 -> 600 | K38: =IFERROR(J38-E38-F38-G38,"") -> 555 | L38: =IFERROR(K38/J38,"") -> 0.925 | M38: 1048 | N38: 153 | O38: 60 | P38: =IFERROR((M38/N38*O38)/K38,"") -> 0.74050521 | Q38: =M38 -> 1048 | R38: =+Q38+AB38+AC38+AD38 -> 1101 | S38: 59 | T38: 9 | U38: 10 | V38: 0 | W38: 4 | X38: 8 | Y38: 0 | Z38: 2 | AA38: 1 | AB38: 50 | AC38: 1 | AD38: 2 | AK38: =+AD38+AE38+AF38+AG38+AH38+AI38 -> 2 | AL38: =WEEKNUM(D38,21) -> 5 | AM38: =AK38 -> 2 | AN38: =IFERROR(Q38/R38,"") -> 0.95186194 | AO38: =IFERROR(AN38*P38*L38,"") -> 0.65199432 | AP38: =IFERROR(AM38/R38*1000000,"") -> 1816.5304 | AQ38: =+AB38*0.5 -> 25 | AR38: =+AC38*0.2 -> 0.2 | AS38: =+AD38*0.1 -> 0.2 | AT38: =SUM(AQ38:AS38) -> 25.4 | AX38: =+AW38+AU38+AT38+AV38 -> 25.4 | BA38: =IFERROR(M38/N38*60,"") -> 410.98039 | BB38: 1 | BC38: =IFERROR(BA38*BB38,"") -> 410.98039 | BD38: =IFERROR(BB38*K38,"") -> 555 | BE38: =J38*BB38 -> 600 | BF38: =BC38/BE38 -> 0.68496732 | BG38: roberto
A39: =+A38+1 -> 37 | B39: 3140CA029 | C39: 2 | D39: 45684 | I39: 540 | J39: =I39+H39 -> 540 | K39: =IFERROR(J39-E39-F39-G39,"") -> 540 | L39: =IFERROR(K39/J39,"") -> 1 | M39: 1030 | N39: 153 | O39: 60 | P39: =IFERROR((M39/N39*O39)/K39,"") -> 0.7480029 | Q39: =M39 -> 1030 | R39: =+Q39+AB39+AC39+AD39 -> 1054 | S39: 21 | T39: 1 | U39: 13 | V39: 0 | W39: 4 | X39: 1 | Y39: 0 | Z39: 0 | AA39: 0 | AB39: 18 | AC39: 1 | AD39: 5 | AK39: =+AD39+AE39+AF39+AG39+AH39+AI39 -> 5 | AL39: =WEEKNUM(D39,21) -> 5 | AM39: =AK39 -> 5 | AN39: =IFERROR(Q39/R39,"") -> 0.9772296 | AO39: =IFERROR(AN39*P39*L39,"") -> 0.73097058 | AP39: =IFERROR(AM39/R39*1000000,"") -> 4743.833 | AQ39: =+AB39*0.5 -> 9 | AR39: =+AC39*0.2 -> 0.2 | AS39: =+AD39*0.1 -> 0.5 | AT39: =SUM(AQ39:AS39) -> 9.7 | AX39: =+AW39+AU39+AT39+AV39 -> 9.7 | BA39: =IFERROR(M39/N39*60,"") -> 403.92157 | BB39: 1 | BC39: =IFERROR(BA39*BB39,"") -> 403.92157 | BD39: =IFERROR(BB39*K39,"") -> 540 | BE39: =J39*BB39 -> 540 | BF39: =BC39/BE39 -> 0.7480029 | BG39: viviana
A40: =+A39+1 -> 38 | B40: 3140CA029 | C40: 1 | D40: 45685 | E40: 31 | I40: 600 | J40: =I40+H40 -> 600 | K40: =IFERROR(J40-E40-F40-G40,"") -> 569 | L40: =IFERROR(K40/J40,"") -> 0.94833333 | M40: 1379 | N40: 153 | O40: 60 | P40: =IFERROR((M40/N40*O40)/K40,"") -> 0.9504118 | Q40: =M40 -> 1379 | R40: =+Q40+AB40+AC40+AD40 -> 1402 | S40: 6 | T40: 11 | U40: 0 | V40: 0 | W40: 0 | X40: 9 | Y40: 0 | Z40: 19 | AA40: 1 | AB40: 14 | AC40: 1 | AD40: 8 | AK40: =+AD40+AE40+AF40+AG40+AH40+AI40 -> 8 | AL40: =WEEKNUM(D40,21) -> 5 | AM40: =AK40 -> 8 | AN40: =IFERROR(Q40/R40,"") -> 0.98359486 | AO40: =IFERROR(AN40*P40*L40,"") -> 0.88652112 | AP40: =IFERROR(AM40/R40*1000000,"") -> 5706.1341 | AQ40: =+AB40*0.5 -> 7 | AR40: =+AC40*0.2 -> 0.2 | AS40: =+AD40*0.1 -> 0.8 | AT40: =SUM(AQ40:AS40) -> 8 | AX40: =+AW40+AU40+AT40+AV40 -> 8 | BA40: =IFERROR(M40/N40*60,"") -> 540.78431 | BB40: 1 | BC40: =IFERROR(BA40*BB40,"") -> 540.78431 | BD40: =IFERROR(BB40*K40,"") -> 569 | BE40: =J40*BB40 -> 600 | BF40: =BC40/BE40 -> 0.90130719 | BG40: roberto
A41: =+A40+1 -> 39 | B41: 3140CA029 | C41: 2 | D41: 45685 | I41: 540 | J41: =I41+H41 -> 540 | K41: =IFERROR(J41-E41-F41-G41,"") -> 540 | L41: =IFERROR(K41/J41,"") -> 1 | M41: 1141 | N41: 153 | O41: 60 | P41: =IFERROR((M41/N41*O41)/K41,"") -> 0.82861293 | Q41: =M41 -> 1141 | R41: =+Q41+AB41+AC41+AD41 -> 1169 | S41: 3 | T41: 0 | U41: 1 | V41: 0 | W41: 5 | X41: 4 | Y41: 0 | Z41: 10 | AA41: 0 | AB41: 24 | AC41: 1 | AD41: 3 | AK41: =+AD41+AE41+AF41+AG41+AH41+AI41 -> 3 | AL41: =WEEKNUM(D41,21) -> 5 | AM41: =AK41 -> 3 | AN41: =IFERROR(Q41/R41,"") -> 0.9760479 | AO41: =IFERROR(AN41*P41*L41,"") -> 0.80876591 | AP41: =IFERROR(AM41/R41*1000000,"") -> 2566.296 | AQ41: =+AB41*0.5 -> 12 | AR41: =+AC41*0.2 -> 0.2 | AS41: =+AD41*0.1 -> 0.3 | AT41: =SUM(AQ41:AS41) -> 12.5 | AX41: =+AW41+AU41+AT41+AV41 -> 12.5 | BA41: =IFERROR(M41/N41*60,"") -> 447.45098 | BB41: 1 | BC41: =IFERROR(BA41*BB41,"") -> 447.45098 | BD41: =IFERROR(BB41*K41,"") -> 540 | BE41: =J41*BB41 -> 540 | BF41: =BC41/BE41 -> 0.82861293 | BG41: viviana
A42: =+A41+1 -> 40 | B42: 3140CA029 | C42: 1 | D42: 45686 | E42: 40 | F42: =35+8+15 -> 58 | I42: 600 | J42: =I42+H42 -> 600 | K42: =IFERROR(J42-E42-F42-G42,"") -> 502 | L42: =IFERROR(K42/J42,"") -> 0.83666667 | M42: 1076 | N42: 153 | O42: 60 | P42: =IFERROR((M42/N42*O42)/K42,"") -> 0.84055933 | Q42: =M42 -> 1076 | R42: =+Q42+AB42+AC42+AD42 -> 1104 | S42: 10 | T42: 21 | U42: 23 | V42: 0 | W42: 0 | X42: 8 | Y42: 0 | Z42: 6 | AA42: 0 | AB42: 20 | AC42: 2 | AD42: 6 | AK42: =+AD42+AE42+AF42+AG42+AH42+AI42 -> 6 | AL42: =WEEKNUM(D42,21) -> 5 | AM42: =AK42 -> 6 | AN42: =IFERROR(Q42/R42,"") -> 0.97463768 | AO42: =IFERROR(AN42*P42*L42,"") -> 0.68543147 | AP42: =IFERROR(AM42/R42*1000000,"") -> 5434.7826 | AQ42: =+AB42*0.5 -> 10 | AR42: =+AC42*0.2 -> 0.4 | AS42: =+AD42*0.1 -> 0.6 | AT42: =SUM(AQ42:AS42) -> 11 | AX42: =+AW42+AU42+AT42+AV42 -> 11 | BA42: =IFERROR(M42/N42*60,"") -> 421.96078 | BB42: 1 | BC42: =IFERROR(BA42*BB42,"") -> 421.96078 | BD42: =IFERROR(BB42*K42,"") -> 502 | BE42: =J42*BB42 -> 600 | BF42: =BC42/BE42 -> 0.70326797 | BG42: roberto
A43: =+A42+1 -> 41 | B43: 3140CA029 | C43: 2 | D43: 45686 | I43: 540 | J43: =I43+H43 -> 540 | K43: =IFERROR(J43-E43-F43-G43,"") -> 540 | L43: =IFERROR(K43/J43,"") -> 1 | M43: 1105 | N43: 153 | O43: 60 | P43: =IFERROR((M43/N43*O43)/K43,"") -> 0.80246914 | Q43: =M43 -> 1105 | R43: =+Q43+AB43+AC43+AD43 -> 1130 | S43: 21 | T43: 0 | U43: 16 | V43: 0 | W43: 4 | X43: 3 | Y43: 0 | Z43: 3 | AA43: 1 | AB43: 22 | AC43: 2 | AD43: 1 | AK43: =+AD43+AE43+AF43+AG43+AH43+AI43 -> 1 | AL43: =WEEKNUM(D43,21) -> 5 | AM43: =AK43 -> 1 | AN43: =IFERROR(Q43/R43,"") -> 0.97787611 | AO43: =IFERROR(AN43*P43*L43,"") -> 0.78471539 | AP43: =IFERROR(AM43/R43*1000000,"") -> 884.95575 | AQ43: =+AB43*0.5 -> 11 | AR43: =+AC43*0.2 -> 0.4 | AS43: =+AD43*0.1 -> 0.1 | AT43: =SUM(AQ43:AS43) -> 11.5 | AX43: =+AW43+AU43+AT43+AV43 -> 11.5 | BA43: =IFERROR(M43/N43*60,"") -> 433.33333 | BB43: 1 | BC43: =IFERROR(BA43*BB43,"") -> 433.33333 | BD43: =IFERROR(BB43*K43,"") -> 540 | BE43: =J43*BB43 -> 540 | BF43: =BC43/BE43 -> 0.80246914 | BG43: viviana
A44: =+A43+1 -> 42 | B44: 3140CA029 | C44: 1 | D44: 45687 | E44: 40 | I44: 540 | J44: =I44+H44 -> 540 | K44: =IFERROR(J44-E44-F44-G44,"") -> 500 | L44: =IFERROR(K44/J44,"") -> 0.92592593 | M44: 987 | N44: 153 | O44: 60 | P44: =IFERROR((M44/N44*O44)/K44,"") -> 0.77411765 | Q44: =M44 -> 987 | R44: =+Q44+AB44+AC44+AD44 -> 1018 | S44: 19 | T44: 2 | U44: 53 | V44: 0 | W44: 0 | X44: 10 | Y44: 0 | Z44: 0 | AA44: 0 | AB44: 20 | AC44: 4 | AD44: 7 | AK44: =+AD44+AE44+AF44+AG44+AH44+AI44 -> 7 | AL44: =WEEKNUM(D44,21) -> 5 | AM44: =AK44 -> 7 | AN44: =IFERROR(Q44/R44,"") -> 0.96954813 | AO44: =IFERROR(AN44*P44*L44,"") -> 0.69494844 | AP44: =IFERROR(AM44/R44*1000000,"") -> 6876.2279 | AQ44: =+AB44*0.5 -> 10 | AR44: =+AC44*0.2 -> 0.8 | AS44: =+AD44*0.1 -> 0.7 | AT44: =SUM(AQ44:AS44) -> 11.5 | AX44: =+AW44+AU44+AT44+AV44 -> 11.5 | BA44: =IFERROR(M44/N44*60,"") -> 387.05882 | BB44: 1 | BC44: =IFERROR(BA44*BB44,"") -> 387.05882 | BD44: =IFERROR(BB44*K44,"") -> 500 | BE44: =J44*BB44 -> 540 | BF44: =BC44/BE44 -> 0.7167756 | BG44: roberto
A45: =+A44+1 -> 43 | B45: 3140CA029 | C45: 2 | D45: 45687 | I45: 600 | J45: =I45+H45 -> 600 | K45: =IFERROR(J45-E45-F45-G45,"") -> 600 | L45: =IFERROR(K45/J45,"") -> 1 | M45: 911 | N45: 153 | O45: 60 | P45: =IFERROR((M45/N45*O45)/K45,"") -> 0.59542484 | Q45: =M45 -> 911 | R45: =+Q45+AB45+AC45+AD45 -> 929 | S45: 47 | T45: 1 | U45: 79 | V45: 0 | W45: 0 | X45: 0 | Y45: 0 | Z45: 1 | AA45: 0 | AB45: 6 | AC45: 9 | AD45: 3 | AK45: =+AD45+AE45+AF45+AG45+AH45+AI45 -> 3 | AL45: =WEEKNUM(D45,21) -> 5 | AM45: =AK45 -> 3 | AN45: =IFERROR(Q45/R45,"") -> 0.98062433 | AO45: =IFERROR(AN45*P45*L45,"") -> 0.58388808 | AP45: =IFERROR(AM45/R45*1000000,"") -> 3229.2788 | AQ45: =+AB45*0.5 -> 3 | AR45: =+AC45*0.2 -> 1.8 | AS45: =+AD45*0.1 -> 0.3 | AT45: =SUM(AQ45:AS45) -> 5.1 | AX45: =+AW45+AU45+AT45+AV45 -> 5.1 | BA45: =IFERROR(M45/N45*60,"") -> 357.2549 | BB45: 1 | BC45: =IFERROR(BA45*BB45,"") -> 357.2549 | BD45: =IFERROR(BB45*K45,"") -> 600 | BE45: =J45*BB45 -> 600 | BF45: =BC45/BE45 -> 0.59542484 | BG45: viviana
A46: =+A45+1 -> 44 | B46: 3140CA029 | C46: 1 | D46: 45688 | E46: 40 | I46: 540 | J46: =I46+H46 -> 540 | K46: =IFERROR(J46-E46-F46-G46,"") -> 500 | L46: =IFERROR(K46/J46,"") -> 0.92592593 | M46: 1241 | N46: 153 | O46: 60 | P46: =IFERROR((M46/N46*O46)/K46,"") -> 0.97333333 | Q46: =M46 -> 1241 | R46: =+Q46+AB46+AC46+AD46 -> 1293 | S46: 37 | T46: 2 | U46: 9 | V46: 0 | W46: 13 | X46: 13 | Y46: 0 | Z46: 2 | AA46: 0 | AB46: 17 | AC46: 8 | AD46: 27 | AK46: =+AD46+AE46+AF46+AG46+AH46+AI46 -> 27 | AL46: =WEEKNUM(D46,21) -> 5 | AM46: =AK46 -> 27 | AN46: =IFERROR(Q46/R46,"") -> 0.95978345 | AO46: =IFERROR(AN46*P46*L46,"") -> 0.86499002 | AP46: =IFERROR(AM46/R46*1000000,"") -> 20881.671 | AQ46: =+AB46*0.5 -> 8.5 | AR46: =+AC46*0.2 -> 1.6 | AS46: =+AD46*0.1 -> 2.7 | AT46: =SUM(AQ46:AS46) -> 12.8 | AX46: =+AW46+AU46+AT46+AV46 -> 12.8 | BA46: =IFERROR(M46/N46*60,"") -> 486.66667 | BB46: 1 | BC46: =IFERROR(BA46*BB46,"") -> 486.66667 | BD46: =IFERROR(BB46*K46,"") -> 500 | BE46: =J46*BB46 -> 540 | BF46: =BC46/BE46 -> 0.90123457 | BG46: lupita
A47: =+A46+1 -> 45 | B47: 3140CA029 | C47: 2 | D47: 45688 | I47: 600 | J47: =I47+H47 -> 600 | K47: =IFERROR(J47-E47-F47-G47,"") -> 600 | L47: =IFERROR(K47/J47,"") -> 1 | M47: 1003 | N47: 153 | O47: 60 | P47: =IFERROR((M47/N47*O47)/K47,"") -> 0.65555556 | Q47: =M47 -> 1003 | R47: =+Q47+AB47+AC47+AD47 -> 1052 | S47: 25 | T47: 5 | U47: 0 | V47: 0 | W47: 41 | X47: 3 | Y47: 0 | Z47: 5 | AA47: 0 | AB47: 9 | AC47: 3 | AD47: 37 | AK47: =+AD47+AE47+AF47+AG47+AH47+AI47 -> 37 | AL47: =WEEKNUM(D47,21) -> 5 | AM47: =AK47 -> 37 | AN47: =IFERROR(Q47/R47,"") -> 0.95342205 | AO47: =IFERROR(AN47*P47*L47,"") -> 0.62502112 | AP47: =IFERROR(AM47/R47*1000000,"") -> 35171.103 | AQ47: =+AB47*0.5 -> 4.5 | AR47: =+AC47*0.2 -> 0.6 | AS47: =+AD47*0.1 -> 3.7 | AT47: =SUM(AQ47:AS47) -> 8.8 | AX47: =+AW47+AU47+AT47+AV47 -> 8.8 | BA47: =IFERROR(M47/N47*60,"") -> 393.33333 | BB47: 1 | BC47: =IFERROR(BA47*BB47,"") -> 393.33333 | BD47: =IFERROR(BB47*K47,"") -> 600 | BE47: =J47*BB47 -> 600 | BF47: =BC47/BE47 -> 0.65555556 | BG47: viviana
A48: =+A47+1 -> 46 | B48: 3140CA029 | C48: 1 | D48: 45692 | E48: 31 | I48: 600 | J48: =I48+H48 -> 600 | K48: =IFERROR(J48-E48-F48-G48,"") -> 569 | L48: =IFERROR(K48/J48,"") -> 0.94833333 | M48: 1150 | N48: 153 | O48: 60 | P48: =IFERROR((M48/N48*O48)/K48,"") -> 0.79258417 | Q48: =M48 -> 1150 | R48: =+Q48+AB48+AC48+AD48 -> 1190 | S48: 7 | T48: 2 | U48: 1 | V48: 1 | W48: 2 | X48: 10 | Y48: 0 | Z48: 0 | AA48: 0 | AB48: 25 | AC48: 3 | AD48: 12 | AK48: =+AD48+AE48+AF48+AG48+AH48+AI48 -> 12 | AL48: =WEEKNUM(D48,21) -> 6 | AM48: =AK48 -> 12 | AN48: =IFERROR(Q48/R48,"") -> 0.96638655 | AO48: =IFERROR(AN48*P48*L48,"") -> 0.72636898 | AP48: =IFERROR(AM48/R48*1000000,"") -> 10084.034 | AQ48: =+AB48*0.5 -> 12.5 | AR48: =+AC48*0.2 -> 0.6 | AS48: =+AD48*0.1 -> 1.2 | AT48: =SUM(AQ48:AS48) -> 14.3 | AX48: =+AW48+AU48+AT48+AV48 -> 14.3 | BA48: =IFERROR(M48/N48*60,"") -> 450.98039 | BB48: 1 | BC48: =IFERROR(BA48*BB48,"") -> 450.98039 | BD48: =IFERROR(BB48*K48,"") -> 569 | BE48: =J48*BB48 -> 600 | BF48: =BC48/BE48 -> 0.75163399 | BG48: lupita | BH48: jorge
A49: =+A48+1 -> 47 | B49: 3140CA029 | C49: 2 | D49: 45692 | I49: 540 | J49: =I49+H49 -> 540 | K49: =IFERROR(J49-E49-F49-G49,"") -> 540 | L49: =IFERROR(K49/J49,"") -> 1 | M49: 1061 | N49: 153 | O49: 60 | P49: =IFERROR((M49/N49*O49)/K49,"") -> 0.77051561 | Q49: =M49 -> 1061 | R49: =+Q49+AB49+AC49+AD49 -> 1100 | S49: 6 | T49: 3 | U49: 0 | V49: 0 | W49: 35 | X49: 2 | Y49: 0 | Z49: 0 | AA49: 1 | AB49: 10 | AC49: 0 | AD49: 29 | AK49: =+AD49+AE49+AF49+AG49+AH49+AI49 -> 29 | AL49: =WEEKNUM(D49,21) -> 6 | AM49: =AK49 -> 29 | AN49: =IFERROR(Q49/R49,"") -> 0.96454545 | AO49: =IFERROR(AN49*P49*L49,"") -> 0.74319733 | AP49: =IFERROR(AM49/R49*1000000,"") -> 26363.636 | AQ49: =+AB49*0.5 -> 5 | AR49: =+AC49*0.2 -> 0 | AS49: =+AD49*0.1 -> 2.9 | AT49: =SUM(AQ49:AS49) -> 7.9 | AX49: =+AW49+AU49+AT49+AV49 -> 7.9 | BA49: =IFERROR(M49/N49*60,"") -> 416.07843 | BB49: 1 | BC49: =IFERROR(BA49*BB49,"") -> 416.07843 | BD49: =IFERROR(BB49*K49,"") -> 540 | BE49: =J49*BB49 -> 540 | BF49: =BC49/BE49 -> 0.77051561 | BG49: PATY
A50: =+A49+1 -> 48 | B50: 3140CA029 | C50: 1 | D50: 45693 | E50: 45 | I50: 600 | J50: =I50+H50 -> 600 | K50: =IFERROR(J50-E50-F50-G50,"") -> 555 | L50: =IFERROR(K50/J50,"") -> 0.925 | M50: 1074 | N50: 153 | O50: 60 | P50: =IFERROR((M50/N50*O50)/K50,"") -> 0.75887652 | Q50: =M50 -> 1074 | R50: =+Q50+AB50+AC50+AD50 -> 1151 | S50: 10 | T50: 0 | U50: 0 | V50: 0 | W50: 4 | X50: 7 | Y50: 0 | Z50: 1 | AA50: 0 | AB50: 14 | AC50: 22 | AD50: 41 | AK50: =+AD50+AE50+AF50+AG50+AH50+AI50 -> 41 | AL50: =WEEKNUM(D50,21) -> 6 | AM50: =AK50 -> 41 | AN50: =IFERROR(Q50/R50,"") -> 0.93310165 | AO50: =IFERROR(AN50*P50*L50,"") -> 0.65500077 | AP50: =IFERROR(AM50/R50*1000000,"") -> 35621.199 | AQ50: =+AB50*0.5 -> 7 | AR50: =+AC50*0.2 -> 4.4 | AS50: =+AD50*0.1 -> 4.1 | AT50: =SUM(AQ50:AS50) -> 15.5 | AX50: =+AW50+AU50+AT50+AV50 -> 15.5 | BA50: =IFERROR(M50/N50*60,"") -> 421.17647 | BB50: 1 | BC50: =IFERROR(BA50*BB50,"") -> 421.17647 | BD50: =IFERROR(BB50*K50,"") -> 555 | BE50: =J50*BB50 -> 600 | BF50: =BC50/BE50 -> 0.70196078 | BG50: roberto
A51: =+A50+1 -> 49 | B51: 3140CA029 | C51: 2 | D51: 45693 | I51: 540 | J51: =I51+H51 -> 540 | K51: =IFERROR(J51-E51-F51-G51,"") -> 540 | L51: =IFERROR(K51/J51,"") -> 1 | M51: 1120 | N51: 153 | O51: 60 | P51: =IFERROR((M51/N51*O51)/K51,"") -> 0.81336238 | Q51: =M51 -> 1120 | R51: =+Q51+AB51+AC51+AD51 -> 1156 | S51: 18 | T51: 2 | U51: 24 | V51: 0 | W51: 11 | X51: 2 | Y51: 0 | Z51: 0 | AA51: 0 | AB51: 14 | AC51: 5 | AD51: 17 | AK51: =+AD51+AE51+AF51+AG51+AH51+AI51 -> 17 | AL51: =WEEKNUM(D51,21) -> 6 | AM51: =AK51 -> 17 | AN51: =IFERROR(Q51/R51,"") -> 0.96885813 | AO51: =IFERROR(AN51*P51*L51,"") -> 0.78803276 | AP51: =IFERROR(AM51/R51*1000000,"") -> 14705.882 | AQ51: =+AB51*0.5 -> 7 | AR51: =+AC51*0.2 -> 1 | AS51: =+AD51*0.1 -> 1.7 | AT51: =SUM(AQ51:AS51) -> 9.7 | AX51: =+AW51+AU51+AT51+AV51 -> 9.7 | BA51: =IFERROR(M51/N51*60,"") -> 439.21569 | BB51: 1 | BC51: =IFERROR(BA51*BB51,"") -> 439.21569 | BD51: =IFERROR(BB51*K51,"") -> 540 | BE51: =J51*BB51 -> 540 | BF51: =BC51/BE51 -> 0.81336238 | BG51: viviana
A52: =+A51+1 -> 50 | B52: 3140CA029 | C52: 1 | D52: 45694 | E52: 45 | I52: 600 | J52: =I52+H52 -> 600 | K52: =IFERROR(J52-E52-F52-G52,"") -> 555 | L52: =IFERROR(K52/J52,"") -> 0.925 | M52: 1183 | N52: 153 | O52: 60 | P52: =IFERROR((M52/N52*O52)/K52,"") -> 0.83589472 | Q52: =M52 -> 1183 | R52: =+Q52+AB52+AC52+AD52 -> 1209 | S52: 23 | T52: 3 | U52: 1 | V52: 0 | W52: 0 | X52: 4 | Y52: 0 | Z52: 4 | AA52: 0 | AB52: 11 | AC52: 2 | AD52: 13 | AK52: =+AD52+AE52+AF52+AG52+AH52+AI52 -> 13 | AL52: =WEEKNUM(D52,21) -> 6 | AM52: =AK52 -> 13 | AN52: =IFERROR(Q52/R52,"") -> 0.97849462 | AO52: =IFERROR(AN52*P52*L52,"") -> 0.7565746 | AP52: =IFERROR(AM52/R52*1000000,"") -> 10752.688 | AQ52: =+AB52*0.5 -> 5.5 | AR52: =+AC52*0.2 -> 0.4 | AS52: =+AD52*0.1 -> 1.3 | AT52: =SUM(AQ52:AS52) -> 7.2 | AX52: =+AW52+AU52+AT52+AV52 -> 7.2 | BA52: =IFERROR(M52/N52*60,"") -> 463.92157 | BB52: 1 | BC52: =IFERROR(BA52*BB52,"") -> 463.92157 | BD52: =IFERROR(BB52*K52,"") -> 555 | BE52: =J52*BB52 -> 600 | BF52: =BC52/BE52 -> 0.77320261 | BG52: roberto
A53: =+A52+1 -> 51 | B53: 3140CA029 | C53: 2 | D53: 45694 | I53: 540 | J53: =I53+H53 -> 540 | K53: =IFERROR(J53-E53-F53-G53,"") -> 540 | L53: =IFERROR(K53/J53,"") -> 1 | M53: 1338 | N53: 153 | O53: 60 | P53: =IFERROR((M53/N53*O53)/K53,"") -> 0.97167756 | Q53: =M53 -> 1338 | R53: =+Q53+AB53+AC53+AD53 -> 1358 | S53: 38 | T53: 0 | U53: 0 | V53: 0 | W53: 6 | X53: 1 | Y53: 0 | Z53: 1 | AA53: 1 | AB53: 8 | AC53: 0 | AD53: 12 | AK53: =+AD53+AE53+AF53+AG53+AH53+AI53 -> 12 | AL53: =WEEKNUM(D53,21) -> 6 | AM53: =AK53 -> 12 | AN53: =IFERROR(Q53/R53,"") -> 0.98527246 | AO53: =IFERROR(AN53*P53*L53,"") -> 0.95736714 | AP53: =IFERROR(AM53/R53*1000000,"") -> 8836.5243 | AQ53: =+AB53*0.5 -> 4 | AR53: =+AC53*0.2 -> 0 | AS53: =+AD53*0.1 -> 1.2 | AT53: =SUM(AQ53:AS53) -> 5.2 | AX53: =+AW53+AU53+AT53+AV53 -> 5.2 | BA53: =IFERROR(M53/N53*60,"") -> 524.70588 | BB53: 1 | BC53: =IFERROR(BA53*BB53,"") -> 524.70588 | BD53: =IFERROR(BB53*K53,"") -> 540 | BE53: =J53*BB53 -> 540 | BF53: =BC53/BE53 -> 0.97167756 | BG53: viviana
A54: =+A53+1 -> 52 | B54: 3140CA029/ 023 set up | C54: 1 | D54: 45695 | E54: =300 -> 300 | I54: 600 | J54: =I54+H54 -> 600 | K54: =IFERROR(J54-E54-F54-G54,"") -> 300 | L54: =IFERROR(K54/J54,"") -> 0.5 | M54: 737 | N54: 153 | O54: 60 | P54: =IFERROR((M54/N54*O54)/K54,"") -> 0.96339869 | Q54: =M54 -> 737 | R54: =+Q54+AB54+AC54+AD54 -> 751 | S54: 3 | T54: 1 | U54: 0 | V54: 0 | W54: 4 | X54: 1 | Y54: 0 | Z54: 1 | AA54: 0 | AB54: 4 | AC54: 0 | AD54: 10 | AK54: =+AD54+AE54+AF54+AG54+AH54+AI54 -> 10 | AL54: =WEEKNUM(D54,21) -> 6 | AM54: =AK54 -> 10 | AN54: =IFERROR(Q54/R54,"") -> 0.98135819 | AO54: =IFERROR(AN54*P54*L54,"") -> 0.4727196 | AP54: =IFERROR(AM54/R54*1000000,"") -> 13315.579 | AQ54: =+AB54*0.5 -> 2 | AR54: =+AC54*0.2 -> 0 | AS54: =+AD54*0.1 -> 1 | AT54: =SUM(AQ54:AS54) -> 3 | AX54: =+AW54+AU54+AT54+AV54 -> 3 | BA54: =IFERROR(M54/N54*60,"") -> 289.01961 | BB54: 1 | BC54: =IFERROR(BA54*BB54,"") -> 289.01961 | BD54: =IFERROR(BB54*K54,"") -> 300 | BE54: =J54*BB54 -> 600 | BF54: =BC54/BE54 -> 0.48169935 | BG54: roberto
A55: =+A54+1 -> 53 | B55: 3140CS023 | C55: 2 | D55: 45695 | E55: 60 | F55: =60*3 -> 180 | I55: 540 | J55: =I55+H55 -> 540 | K55: =IFERROR(J55-E55-F55-G55,"") -> 300 | L55: =IFERROR(K55/J55,"") -> 0.55555556 | M55: 541 | N55: 153 | O55: 60 | P55: =IFERROR((M55/N55*O55)/K55,"") -> 0.70718954 | Q55: =M55 -> 541 | R55: =+Q55+AB55+AC55+AD55 -> 568 | S55: 16 | T55: 0 | U55: 0 | V55: 0 | W55: 7 | X55: 12 | Y55: 0 | Z55: 0 | AA55: 0 | AB55: 15 | AC55: 4 | AD55: 8 | AK55: =+AD55+AE55+AF55+AG55+AH55+AI55 -> 8 | AL55: =WEEKNUM(D55,21) -> 6 | AM55: =AK55 -> 8 | AN55: =IFERROR(Q55/R55,"") -> 0.95246479 | AO55: =IFERROR(AN55*P55*L55,"") -> 0.3742073 | AP55: =IFERROR(AM55/R55*1000000,"") -> 14084.507 | AQ55: =+AB55*0.5 -> 7.5 | AR55: =+AC55*0.2 -> 0.8 | AS55: =+AD55*0.1 -> 0.8 | AT55: =SUM(AQ55:AS55) -> 9.1 | AX55: =+AW55+AU55+AT55+AV55 -> 9.1 | BA55: =IFERROR(M55/N55*60,"") -> 212.15686 | BB55: 1 | BC55: =IFERROR(BA55*BB55,"") -> 212.15686 | BD55: =IFERROR(BB55*K55,"") -> 300 | BE55: =J55*BB55 -> 540 | BF55: =BC55/BE55 -> 0.39288308 | BG55: viviana
A56: =+A55+1 -> 54 | B56: 3140CS023 | C56: 1 | D56: 45696 | E56: 45 | I56: 600 | J56: =I56+H56 -> 600 | K56: =IFERROR(J56-E56-F56-G56,"") -> 555 | L56: =IFERROR(K56/J56,"") -> 0.925 | M56: 1193 | N56: 153 | O56: 60 | P56: =IFERROR((M56/N56*O56)/K56,"") -> 0.84296061 | Q56: =M56 -> 1193 | R56: =+Q56+AB56+AC56+AD56 -> 1217 | S56: 10 | T56: 2 | U56: 0 | V56: 0 | W56: 0 | X56: 22 | Y56: 0 | Z56: 3 | AA56: 0 | AB56: 8 | AC56: 7 | AD56: 9 | AK56: =+AD56+AE56+AF56+AG56+AH56+AI56 -> 9 | AL56: =WEEKNUM(D56,21) -> 6 | AM56: =AK56 -> 9 | AN56: =IFERROR(Q56/R56,"") -> 0.98027938 | AO56: =IFERROR(AN56*P56*L56,"") -> 0.76436163 | AP56: =IFERROR(AM56/R56*1000000,"") -> 7395.2342 | AQ56: =+AB56*0.5 -> 4 | AR56: =+AC56*0.2 -> 1.4 | AS56: =+AD56*0.1 -> 0.9 | AT56: =SUM(AQ56:AS56) -> 6.3 | AX56: =+AW56+AU56+AT56+AV56 -> 6.3 | BA56: =IFERROR(M56/N56*60,"") -> 467.84314 | BB56: 1 | BC56: =IFERROR(BA56*BB56,"") -> 467.84314 | BD56: =IFERROR(BB56*K56,"") -> 555 | BE56: =J56*BB56 -> 600 | BF56: =BC56/BE56 -> 0.77973856 | BG56: ROBERTO
A57: =+A56+1 -> 55 | B57: 3140CS023/022 | C57: 2 | D57: 45696 | I57: 112 | J57: =I57+H57 -> 112 | K57: =IFERROR(J57-E57-F57-G57,"") -> 112 | L57: =IFERROR(K57/J57,"") -> 1 | M57: =216 -> 216 | N57: 153 | O57: 60 | P57: =IFERROR((M57/N57*O57)/K57,"") -> 0.75630252 | Q57: =M57 -> 216 | R57: =+Q57+AB57+AC57+AD57 -> 219 | S57: 2 | T57: 0 | U57: 0 | V57: 0 | W57: 0 | X57: 2 | Y57: 0 | Z57: 0 | AA57: 1 | AB57: 1 | AC57: 2 | AD57: 0 | AK57: =+AD57+AE57+AF57+AG57+AH57+AI57 -> 0 | AL57: =WEEKNUM(D57,21) -> 6 | AM57: =AK57 -> 0 | AN57: =IFERROR(Q57/R57,"") -> 0.98630137 | AO57: =IFERROR(AN57*P57*L57,"") -> 0.74594221 | AP57: =IFERROR(AM57/R57*1000000,"") -> 0 | AQ57: =+AB57*0.5 -> 0.5 | AR57: =+AC57*0.2 -> 0.4 | AS57: =+AD57*0.1 -> 0 | AT57: =SUM(AQ57:AS57) -> 0.9 | AX57: =+AW57+AU57+AT57+AV57 -> 0.9 | BA57: =IFERROR(M57/N57*60,"") -> 84.705882 | BB57: 1 | BC57: =IFERROR(BA57*BB57,"") -> 84.705882 | BD57: =IFERROR(BB57*K57,"") -> 112 | BE57: =J57*BB57 -> 112 | BF57: =BC57/BE57 -> 0.75630252 | BG57: IRASEMA
A58: =+A57+1 -> 56 | B58: 3140CS022 | C58: 2 | D58: 45696 | E58: =120 -> 120 | I58: 310 | J58: =I58+H58 -> 310 | K58: =IFERROR(J58-E58-F58-G58,"") -> 190 | L58: =IFERROR(K58/J58,"") -> 0.61290323 | M58: 550 | N58: 153 | O58: 60 | P58: =IFERROR((M58/N58*O58)/K58,"") -> 1.1351909 | Q58: =M58 -> 550 | R58: =+Q58+AB58+AC58+AD58 -> 562 | S58: 7 | T58: 0 | U58: 0 | V58: 0 | W58: 0 | X58: 0 | Y58: 0 | Z58: 1 | AA58: 0 | AB58: 5 | AC58: 1 | AD58: 6 | AK58: =+AD58+AE58+AF58+AG58+AH58+AI58 -> 6 | AL58: =WEEKNUM(D58,21) -> 6 | AM58: =AK58 -> 6 | AN58: =IFERROR(Q58/R58,"") -> 0.97864769 | AO58: =IFERROR(AN58*P58*L58,"") -> 0.68090604 | AP58: =IFERROR(AM58/R58*1000000,"") -> 10676.157 | AQ58: =+AB58*0.5 -> 2.5 | AR58: =+AC58*0.2 -> 0.2 | AS58: =+AD58*0.1 -> 0.6 | AT58: =SUM(AQ58:AS58) -> 3.3 | AX58: =+AW58+AU58+AT58+AV58 -> 3.3 | BA58: =IFERROR(M58/N58*60,"") -> 215.68627 | BB58: 1 | BC58: =IFERROR(BA58*BB58,"") -> 215.68627 | BD58: =IFERROR(BB58*K58,"") -> 190 | BE58: =J58*BB58 -> 310 | BF58: =BC58/BE58 -> 0.69576218 | BG58: IRASEMA
A59: =+A58+1 -> 57 | B59: 3140CS022 | C59: A | D59: 45698 | E59: 45 | I59: 480 | J59: =I59+H59 -> 480 | K59: =IFERROR(J59-E59-F59-G59,"") -> 435 | L59: =IFERROR(K59/J59,"") -> 0.90625 | M59: 1020 | N59: 153 | O59: 60 | P59: =IFERROR((M59/N59*O59)/K59,"") -> 0.91954023 | Q59: =M59 -> 1020 | R59: =+Q59+AB59+AC59+AD59 -> 1034 | S59: 10 | T59: 2 | U59: 0 | V59: 0 | W59: 0 | X59: 6 | Y59: 0 | Z59: 0 | AA59: 2 | AB59: 6 | AC59: 2 | AD59: 6 | AK59: =+AD59+AE59+AF59+AG59+AH59+AI59 -> 6 | AL59: =WEEKNUM(D59,21) -> 7 | AM59: =AK59 -> 6 | AN59: =IFERROR(Q59/R59,"") -> 0.98646035 | AO59: =IFERROR(AN59*P59*L59,"") -> 0.82205029 | AP59: =IFERROR(AM59/R59*1000000,"") -> 5802.7079 | AQ59: =+AB59*0.5 -> 3 | AR59: =+AC59*0.2 -> 0.4 | AS59: =+AD59*0.1 -> 0.6 | AT59: =SUM(AQ59:AS59) -> 4 | AX59: =+AW59+AU59+AT59+AV59 -> 4 | BA59: =IFERROR(M59/N59*60,"") -> 400 | BB59: 1 | BC59: =IFERROR(BA59*BB59,"") -> 400 | BD59: =IFERROR(BB59*K59,"") -> 435 | BE59: =J59*BB59 -> 480 | BF59: =BC59/BE59 -> 0.83333333 | BG59: ROBERTO
A60: =+A59+1 -> 58 | B60: 3140CS022 | C60: B | D60: 45698 | F60: =60*2 -> 120 | I60: 450 | J60: =I60+H60 -> 450 | K60: =IFERROR(J60-E60-F60-G60,"") -> 330 | L60: =IFERROR(K60/J60,"") -> 0.73333333 | M60: 923 | N60: 153 | O60: 60 | P60: =IFERROR((M60/N60*O60)/K60,"") -> 1.0968509 | Q60: =M60 -> 923 | R60: =+Q60+AB60+AC60+AD60 -> 947 | S60: 16 | T60: 0 | U60: 0 | V60: 0 | W60: 0 | X60: 8 | Y60: 0 | Z60: 0 | AA60: 0 | AB60: 17 | AC60: 3 | AD60: 4 | AK60: =+AD60+AE60+AF60+AG60+AH60+AI60 -> 4 | AL60: =WEEKNUM(D60,21) -> 7 | AM60: =AK60 -> 4 | AN60: =IFERROR(Q60/R60,"") -> 0.97465681 | AO60: =IFERROR(AN60*P60*L60,"") -> 0.78397232 | AP60: =IFERROR(AM60/R60*1000000,"") -> 4223.8648 | AQ60: =+AB60*0.5 -> 8.5 | AR60: =+AC60*0.2 -> 0.6 | AS60: =+AD60*0.1 -> 0.4 | AT60: =SUM(AQ60:AS60) -> 9.5 | AX60: =+AW60+AU60+AT60+AV60 -> 9.5 | BA60: =IFERROR(M60/N60*60,"") -> 361.96078 | BB60: 1 | BC60: =IFERROR(BA60*BB60,"") -> 361.96078 | BD60: =IFERROR(BB60*K60,"") -> 330 | BE60: =J60*BB60 -> 450 | BF60: =BC60/BE60 -> 0.8043573 | BG60: viviana
A61: =+A60+1 -> 59 | B61: 3140CS022 | C61: C | D61: 45698 | I61: 510 | J61: =I61+H61 -> 510 | K61: =IFERROR(J61-E61-F61-G61,"") -> 510 | L61: =IFERROR(K61/J61,"") -> 1 | M61: 999 | N61: 153 | O61: 60 | P61: =IFERROR((M61/N61*O61)/K61,"") -> 0.76816609 | Q61: =M61 -> 999 | R61: =+Q61+AB61+AC61+AD61 -> 1023 | S61: 52 | T61: 1 | U61: 0 | V61: 0 | W61: 0 | X61: 21 | Y61: 0 | Z61: 1 | AA61: 0 | AB61: 13 | AC61: 4 | AD61: 7 | AK61: =+AD61+AE61+AF61+AG61+AH61+AI61 -> 7 | AL61: =WEEKNUM(D61,21) -> 7 | AM61: =AK61 -> 7 | AN61: =IFERROR(Q61/R61,"") -> 0.97653959 | AO61: =IFERROR(AN61*P61*L61,"") -> 0.7501446 | AP61: =IFERROR(AM61/R61*1000000,"") -> 6842.6197 | AQ61: =+AB61*0.5 -> 6.5 | AR61: =+AC61*0.2 -> 0.8 | AS61: =+AD61*0.1 -> 0.7 | AT61: =SUM(AQ61:AS61) -> 8 | AX61: =+AW61+AU61+AT61+AV61 -> 8 | BA61: =IFERROR(M61/N61*60,"") -> 391.76471 | BB61: 1 | BC61: =IFERROR(BA61*BB61,"") -> 391.76471 | BD61: =IFERROR(BB61*K61,"") -> 510 | BE61: =J61*BB61 -> 510 | BF61: =BC61/BE61 -> 0.76816609 | BG61: PATY
A62: =+A61+1 -> 60 | B62: 3140CS022 | C62: A | D62: 45699 | E62: 45 | F62: =45+165 -> 210 | I62: 480 | J62: =I62+H62 -> 480 | K62: =IFERROR(J62-E62-F62-G62,"") -> 225 | L62: =IFERROR(K62/J62,"") -> 0.46875 | M62: 398 | N62: 153 | O62: 60 | P62: =IFERROR((M62/N62*O62)/K62,"") -> 0.69368192 | Q62: =M62 -> 398 | R62: =+Q62+AB62+AC62+AD62 -> 411 | S62: 109 | T62: 2 | U62: 0 | V62: 0 | W62: 2 | X62: 9 | Y62: 0 | Z62: 0 | AA62: 0 | AB62: 5 | AC62: 2 | AD62: 6 | AK62: =+AD62+AE62+AF62+AG62+AH62+AI62 -> 6 | AL62: =WEEKNUM(D62,21) -> 7 | AM62: =AK62 -> 6 | AN62: =IFERROR(Q62/R62,"") -> 0.96836983 | AO62: =IFERROR(AN62*P62*L62,"") -> 0.31487843 | AP62: =IFERROR(AM62/R62*1000000,"") -> 14598.54 | AQ62: =+AB62*0.5 -> 2.5 | AR62: =+AC62*0.2 -> 0.4 | AS62: =+AD62*0.1 -> 0.6 | AT62: =SUM(AQ62:AS62) -> 3.5 | AX62: =+AW62+AU62+AT62+AV62 -> 3.5 | BA62: =IFERROR(M62/N62*60,"") -> 156.07843 | BB62: 1 | BC62: =IFERROR(BA62*BB62,"") -> 156.07843 | BD62: =IFERROR(BB62*K62,"") -> 225 | BE62: =J62*BB62 -> 480 | BF62: =BC62/BE62 -> 0.3251634 | BG62: ROBERTO
A63: =+A62+1 -> 61 | B63: 3140CS022 | C63: B | D63: 45699 | I63: 450 | J63: =I63+H63 -> 450 | K63: =IFERROR(J63-E63-F63-G63,"") -> 450 | L63: =IFERROR(K63/J63,"") -> 1 | M63: 1001 | N63: 153 | O63: 60 | P63: =IFERROR((M63/N63*O63)/K63,"") -> 0.87233115 | Q63: =M63 -> 1001 | R63: =+Q63+AB63+AC63+AD63 -> 1011 | S63: 22 | T63: 2 | U63: 2 | V63: 0 | W63: 115 | X63: 0 | Y63: 0 | Z63: 3 | AA63: 13 | AB63: 0 | AC63: 4 | AD63: 6 | AK63: =+AD63+AE63+AF63+AG63+AH63+AI63 -> 6 | AL63: =WEEKNUM(D63,21) -> 7 | AM63: =AK63 -> 6 | AN63: =IFERROR(Q63/R63,"") -> 0.9901088 | AO63: =IFERROR(AN63*P63*L63,"") -> 0.86370276 | AP63: =IFERROR(AM63/R63*1000000,"") -> 5934.7181 | AQ63: =+AB63*0.5 -> 0 | AR63: =+AC63*0.2 -> 0.8 | AS63: =+AD63*0.1 -> 0.6 | AT63: =SUM(AQ63:AS63) -> 1.4 | AX63: =+AW63+AU63+AT63+AV63 -> 1.4 | BA63: =IFERROR(M63/N63*60,"") -> 392.54902 | BB63: 1 | BC63: =IFERROR(BA63*BB63,"") -> 392.54902 | BD63: =IFERROR(BB63*K63,"") -> 450 | BE63: =J63*BB63 -> 450 | BF63: =BC63/BE63 -> 0.87233115 | BG63: viviana
A64: =+A63+1 -> 62 | B64: 3140CS022 | C64: C | D64: 45699 | I64: 510 | J64: =I64+H64 -> 510 | K64: =IFERROR(J64-E64-F64-G64,"") -> 510 | L64: =IFERROR(K64/J64,"") -> 1 | M64: =795+54+115+62 -> 1026 | N64: 153 | O64: 60 | P64: =IFERROR((M64/N64*O64)/K64,"") -> 0.78892734 | Q64: =M64 -> 1026 | R64: =+Q64+AB64+AC64+AD64 -> 1043 | S64: 11 | T64: 1 | U64: 0 | V64: 0 | W64: 0 | X64: 54 | Y64: 0 | Z64: 0 | AA64: 0 | AB64: 10 | AC64: 4 | AD64: 3 | AK64: =+AD64+AE64+AF64+AG64+AH64+AI64 -> 3 | AL64: =WEEKNUM(D64,21) -> 7 | AM64: =AK64 -> 3 | AN64: =IFERROR(Q64/R64,"") -> 0.98370086 | AO64: =IFERROR(AN64*P64*L64,"") -> 0.7760685 | AP64: =IFERROR(AM64/R64*1000000,"") -> 2876.3183 | AQ64: =+AB64*0.5 -> 5 | AR64: =+AC64*0.2 -> 0.8 | AS64: =+AD64*0.1 -> 0.3 | AT64: =SUM(AQ64:AS64) -> 6.1 | AX64: =+AW64+AU64+AT64+AV64 -> 6.1 | BA64: =IFERROR(M64/N64*60,"") -> 402.35294 | BB64: 1 | BC64: =IFERROR(BA64*BB64,"") -> 402.35294 | BD64: =IFERROR(BB64*K64,"") -> 510 | BE64: =J64*BB64 -> 510 | BF64: =BC64/BE64 -> 0.78892734 | BG64: PATY
A65: =+A64+1 -> 63 | B65: 3140CA028 | C65: A | D65: 45700 | E65: 480 | I65: 480 | J65: =I65+H65 -> 480 | K65: =IFERROR(J65-E65-F65-G65,"") -> 0 | L65: =IFERROR(K65/J65,"") -> 0 | M65: 0 | N65: 153 | O65: 60 | P65: =IFERROR((M65/N65*O65)/K65,"") | Q65: =M65 -> 0 | R65: =+Q65+AB65+AC65+AD65 -> 0 | AK65: =+AD65+AE65+AF65+AG65+AH65+AI65 -> 0 | AL65: =WEEKNUM(D65,21) -> 7 | AM65: =AK65 -> 0 | AN65: =IFERROR(Q65/R65,"") | AO65: =IFERROR(AN65*P65*L65,"") | AP65: =IFERROR(AM65/R65*1000000,"") | AQ65: =+AB65*0.5 -> 0 | AR65: =+AC65*0.2 -> 0 | AS65: =+AD65*0.1 -> 0 | AT65: =SUM(AQ65:AS65) -> 0 | AX65: =+AW65+AU65+AT65+AV65 -> 0 | BA65: =IFERROR(M65/N65*60,"") -> 0 | BB65: 0 | BC65: =IFERROR(BA65*BB65,"") -> 0 | BD65: =IFERROR(BB65*K65,"") -> 0 | BE65: =J65*BB65 -> 0 | BF65: =BC65/BE65 -> #DIV/0! | BG65: ROBERTO
A66: =+A65+1 -> 64 | B66: 3140CA028 | C66: B | D66: 45700 | E66: 180 | I66: 450 | J66: =I66+H66 -> 450 | K66: =IFERROR(J66-E66-F66-G66,"") -> 270 | L66: =IFERROR(K66/J66,"") -> 0.6 | M66: 500 | N66: 153 | O66: 60 | P66: =IFERROR((M66/N66*O66)/K66,"") -> 0.72621641 | Q66: =M66 -> 500 | R66: =+Q66+AB66+AC66+AD66 -> 519 | S66: 7 | T66: 1 | U66: 3 | V66: 3 | W66: 13 | X66: 0 | Y66: 0 | Z66: 0 | AA66: 0 | AB66: 1 | AC66: 10 | AD66: 8 | AK66: =+AD66+AE66+AF66+AG66+AH66+AI66 -> 8 | AL66: =WEEKNUM(D66,21) -> 7 | AM66: =AK66 -> 8 | AN66: =IFERROR(Q66/R66,"") -> 0.96339114 | AO66: =IFERROR(AN66*P66*L66,"") -> 0.41977827 | AP66: =IFERROR(AM66/R66*1000000,"") -> 15414.258 | AQ66: =+AB66*0.5 -> 0.5 | AR66: =+AC66*0.2 -> 2 | AS66: =+AD66*0.1 -> 0.8 | AT66: =SUM(AQ66:AS66) -> 3.3 | AX66: =+AW66+AU66+AT66+AV66 -> 3.3 | BA66: =IFERROR(M66/N66*60,"") -> 196.07843 | BB66: 1 | BC66: =IFERROR(BA66*BB66,"") -> 196.07843 | BD66: =IFERROR(BB66*K66,"") -> 270 | BE66: =J66*BB66 -> 450 | BF66: =BC66/BE66 -> 0.43572985 | BG66: viviana
A67: =+A66+1 -> 65 | B67: 3140CA028 | C67: C | D67: 45700 | F67: 10 | I67: 510 | J67: =I67+H67 -> 510 | K67: =IFERROR(J67-E67-F67-G67,"") -> 500 | L67: =IFERROR(K67/J67,"") -> 0.98039216 | M67: 1035 | N67: 153 | O67: 60 | P67: =IFERROR((M67/N67*O67)/K67,"") -> 0.81176471 | Q67: =M67 -> 1035 | R67: =+Q67+AB67+AC67+AD67 -> 1036 | S67: 11 | T67: 0 | U67: 3 | V67: 2 | W67: 0 | X67: 9 | Y67: 0 | Z67: 1 | AA67: 1 | AB67: 0 | AC67: 0 | AD67: 1 | AK67: =+AD67+AE67+AF67+AG67+AH67+AI67 -> 1 | AL67: =WEEKNUM(D67,21) -> 7 | AM67: =AK67 -> 1 | AN67: =IFERROR(Q67/R67,"") -> 0.99903475 | AO67: =IFERROR(AN67*P67*L67,"") -> 0.79507956 | AP67: =IFERROR(AM67/R67*1000000,"") -> 965.25097 | AQ67: =+AB67*0.5 -> 0 | AR67: =+AC67*0.2 -> 0 | AS67: =+AD67*0.1 -> 0.1 | AT67: =SUM(AQ67:AS67) -> 0.1 | AX67: =+AW67+AU67+AT67+AV67 -> 0.1 | BA67: =IFERROR(M67/N67*60,"") -> 405.88235 | BB67: 1 | BC67: =IFERROR(BA67*BB67,"") -> 405.88235 | BD67: =IFERROR(BB67*K67,"") -> 500 | BE67: =J67*BB67 -> 510 | BF67: =BC67/BE67 -> 0.79584775 | BG67: PATY
A68: =+A67+1 -> 66 | B68: 3140CA028 | C68: A | D68: 45701 | I68: 480 | J68: =I68+H68 -> 480 | K68: =IFERROR(J68-E68-F68-G68,"") -> 480 | L68: =IFERROR(K68/J68,"") -> 1 | M68: 1041 | N68: 153 | O68: 60 | P68: =IFERROR((M68/N68*O68)/K68,"") -> 0.8504902 | Q68: =M68 -> 1041 | R68: =+Q68+AB68+AC68+AD68 -> 1074 | S68: 29 | T68: 0 | U68: 4 | V68: 5 | W68: 13 | X68: 11 | Y68: 0 | Z68: 14 | AA68: 0 | AB68: 9 | AC68: 2 | AD68: 22 | AK68: =+AD68+AE68+AF68+AG68+AH68+AI68 -> 22 | AL68: =WEEKNUM(D68,21) -> 7 | AM68: =AK68 -> 22 | AN68: =IFERROR(Q68/R68,"") -> 0.96927374 | AO68: =IFERROR(AN68*P68*L68,"") -> 0.82435782 | AP68: =IFERROR(AM68/R68*1000000,"") -> 20484.171 | AQ68: =+AB68*0.5 -> 4.5 | AR68: =+AC68*0.2 -> 0.4 | AS68: =+AD68*0.1 -> 2.2 | AT68: =SUM(AQ68:AS68) -> 7.1 | AX68: =+AW68+AU68+AT68+AV68 -> 7.1 | BA68: =IFERROR(M68/N68*60,"") -> 408.23529 | BB68: 1 | BC68: =IFERROR(BA68*BB68,"") -> 408.23529 | BD68: =IFERROR(BB68*K68,"") -> 480 | BE68: =J68*BB68 -> 480 | BF68: =BC68/BE68 -> 0.8504902 | BG68: ROBERTO
A69: =+A68+1 -> 67 | B69: 3140CA028 | C69: B | D69: 45701 | I69: 450 | J69: =I69+H69 -> 450 | K69: =IFERROR(J69-E69-F69-G69,"") -> 450 | L69: =IFERROR(K69/J69,"") -> 1 | M69: 831 | N69: 153 | O69: 60 | P69: =IFERROR((M69/N69*O69)/K69,"") -> 0.72418301 | Q69: =M69 -> 831 | R69: =+Q69+AB69+AC69+AD69 -> 846 | S69: 22 | T69: 0 | U69: 2 | V69: 3 | W69: 0 | X69: 12 | Y69: 0 | Z69: 14 | AA69: 0 | AB69: 4 | AC69: 1 | AD69: 10 | AK69: =+AD69+AE69+AF69+AG69+AH69+AI69 -> 10 | AL69: =WEEKNUM(D69,21) -> 7 | AM69: =AK69 -> 10 | AN69: =IFERROR(Q69/R69,"") -> 0.9822695 | AO69: =IFERROR(AN69*P69*L69,"") -> 0.71134288 | AP69: =IFERROR(AM69/R69*1000000,"") -> 11820.331 | AQ69: =+AB69*0.5 -> 2 | AR69: =+AC69*0.2 -> 0.2 | AS69: =+AD69*0.1 -> 1 | AT69: =SUM(AQ69:AS69) -> 3.2 | AX69: =+AW69+AU69+AT69+AV69 -> 3.2 | BA69: =IFERROR(M69/N69*60,"") -> 325.88235 | BB69: 1 | BC69: =IFERROR(BA69*BB69,"") -> 325.88235 | BD69: =IFERROR(BB69*K69,"") -> 450 | BE69: =J69*BB69 -> 450 | BF69: =BC69/BE69 -> 0.72418301 | BG69: LUPITA | BH69: NOHEMI
A70: =+A69+1 -> 68 | B70: 3140CA028 | C70: C | D70: 45701 | I70: 510 | J70: =I70+H70 -> 510 | K70: =IFERROR(J70-E70-F70-G70,"") -> 510 | L70: =IFERROR(K70/J70,"") -> 1 | M70: 872 | N70: 153 | O70: 60 | P70: =IFERROR((M70/N70*O70)/K70,"") -> 0.67051134 | Q70: =M70 -> 872 | R70: =+Q70+AB70+AC70+AD70 -> 895 | S70: 49 | T70: 3 | U70: 4 | V70: 0 | W70: 4 | X70: 15 | Y70: 0 | Z70: 0 | AA70: 0 | AB70: 15 | AC70: 1 | AD70: 7 | AK70: =+AD70+AE70+AF70+AG70+AH70+AI70 -> 7 | AL70: =WEEKNUM(D70,21) -> 7 | AM70: =AK70 -> 7 | AN70: =IFERROR(Q70/R70,"") -> 0.97430168 | AO70: =IFERROR(AN70*P70*L70,"") -> 0.65328032 | AP70: =IFERROR(AM70/R70*1000000,"") -> 7821.2291 | AQ70: =+AB70*0.5 -> 7.5 | AR70: =+AC70*0.2 -> 0.2 | AS70: =+AD70*0.1 -> 0.7 | AT70: =SUM(AQ70:AS70) -> 8.4 | AX70: =+AW70+AU70+AT70+AV70 -> 8.4 | BA70: =IFERROR(M70/N70*60,"") -> 341.96078 | BB70: 1 | BC70: =IFERROR(BA70*BB70,"") -> 341.96078 | BD70: =IFERROR(BB70*K70,"") -> 510 | BE70: =J70*BB70 -> 510 | BF70: =BC70/BE70 -> 0.67051134 | BG70: PATY
A71: =+A70+1 -> 69 | B71: 3140CA028 | C71: A | D71: 45702 | E71: 48 | F71: =20+11+16+40 -> 87 | I71: 480 | J71: =I71+H71 -> 480 | K71: =IFERROR(J71-E71-F71-G71,"") -> 345 | L71: =IFERROR(K71/J71,"") -> 0.71875 | M71: 673 | N71: 153 | O71: 60 | P71: =IFERROR((M71/N71*O71)/K71,"") -> 0.76499005 | Q71: =M71 -> 673 | R71: =+Q71+AB71+AC71+AD71 -> 718 | S71: 17 | T71: 2 | U71: 28 | V71: 0 | W71: 38 | X71: 10 | Y71: 0 | Z71: 8 | AA71: 0 | AB71: 27 | AC71: 1 | AD71: 17 | AK71: =+AD71+AE71+AF71+AG71+AH71+AI71 -> 17 | AL71: =WEEKNUM(D71,21) -> 7 | AM71: =AK71 -> 17 | AN71: =IFERROR(Q71/R71,"") -> 0.93732591 | AO71: =IFERROR(AN71*P71*L71,"") -> 0.51537609 | AP71: =IFERROR(AM71/R71*1000000,"") -> 23676.88 | AQ71: =+AB71*0.5 -> 13.5 | AR71: =+AC71*0.2 -> 0.2 | AS71: =+AD71*0.1 -> 1.7 | AT71: =SUM(AQ71:AS71) -> 15.4 | AX71: =+AW71+AU71+AT71+AV71 -> 15.4 | BA71: =IFERROR(M71/N71*60,"") -> 263.92157 | BB71: 1 | BC71: =IFERROR(BA71*BB71,"") -> 263.92157 | BD71: =IFERROR(BB71*K71,"") -> 345 | BE71: =J71*BB71 -> 480 | BF71: =BC71/BE71 -> 0.5498366 | BG71: viviana
A72: =+A71+1 -> 70 | B72: 3140CA028/027 | C72: B | D72: 45702 | E72: =60*3 -> 180 | I72: 450 | J72: =I72+H72 -> 450 | K72: =IFERROR(J72-E72-F72-G72,"") -> 270 | L72: =IFERROR(K72/J72,"") -> 0.6 | M72: =340 -> 340 | N72: 153 | O72: 60 | P72: =IFERROR((M72/N72*O72)/K72,"") -> 0.49382716 | Q72: =M72 -> 340 | R72: =+Q72+AB72+AC72+AD72 -> 358 | S72: 9 | T72: 4 | U72: 30 | V72: 0 | W72: 28 | X72: 4 | Y72: 0 | Z72: 0 | AA72: 0 | AB72: 16 | AC72: 0 | AD72: 2 | AK72: =+AD72+AE72+AF72+AG72+AH72+AI72 -> 2 | AL72: =WEEKNUM(D72,21) -> 7 | AM72: =AK72 -> 2 | AN72: =IFERROR(Q72/R72,"") -> 0.94972067 | AO72: =IFERROR(AN72*P72*L72,"") -> 0.28139872 | AP72: =IFERROR(AM72/R72*1000000,"") -> 5586.5922 | AQ72: =+AB72*0.5 -> 8 | AR72: =+AC72*0.2 -> 0 | AS72: =+AD72*0.1 -> 0.2 | AT72: =SUM(AQ72:AS72) -> 8.2 | AX72: =+AW72+AU72+AT72+AV72 -> 8.2 | BA72: =IFERROR(M72/N72*60,"") -> 133.33333 | BB72: 0 | BC72: =IFERROR(BA72*BB72,"") -> 0 | BD72: =IFERROR(BB72*K72,"") -> 0 | BE72: =J72*BB72 -> 0 | BF72: =BC72/BE72 -> #DIV/0! | BG72: PATY
A73: =+A72+1 -> 71 | B73: 3140CA027 | C73: B | D73: 45702 | I73: =60*2 -> 120 | J73: =I73+H73 -> 120 | K73: =IFERROR(J73-E73-F73-G73,"") -> 120 | L73: =IFERROR(K73/J73,"") -> 1 | M73: =153 -> 153 | N73: 153 | O73: 60 | P73: =IFERROR((M73/N73*O73)/K73,"") -> 0.5 | Q73: =M73 -> 153 | R73: =+Q73+AB73+AC73+AD73 -> 174 | S73: 7 | T73: 2 | U73: 0 | V73: 6 | W73: 0 | X73: 2 | Y73: 0 | Z73: 0 | AA73: 0 | AB73: 20 | AC73: 0 | AD73: 1 | AK73: =+AD73+AE73+AF73+AG73+AH73+AI73 -> 1 | AL73: =WEEKNUM(D73,21) -> 7 | AM73: =AK73 -> 1 | AN73: =IFERROR(Q73/R73,"") -> 0.87931034 | AO73: =IFERROR(AN73*P73*L73,"") -> 0.43965517 | AP73: =IFERROR(AM73/R73*1000000,"") -> 5747.1264 | AQ73: =+AB73*0.5 -> 10 | AR73: =+AC73*0.2 -> 0 | AS73: =+AD73*0.1 -> 0.1 | AT73: =SUM(AQ73:AS73) -> 10.1 | AX73: =+AW73+AU73+AT73+AV73 -> 10.1 | BA73: =IFERROR(M73/N73*60,"") -> 60 | BB73: 1 | BC73: =IFERROR(BA73*BB73,"") -> 60 | BD73: =IFERROR(BB73*K73,"") -> 120 | BE73: =J73*BB73 -> 120 | BF73: =BC73/BE73 -> 0.5 | BG73: ROBERTO
A74: =+A73+1 -> 72 | B74: 3140CA027 | C74: C | D74: 45702 | I74: 480 | J74: =I74+H74 -> 480 | K74: =IFERROR(J74-E74-F74-G74,"") -> 480 | L74: =IFERROR(K74/J74,"") -> 1 | M74: =33+118+156+134+131+120+145+145+112 -> 1094 | N74: 153 | O74: 60 | P74: =IFERROR((M74/N74*O74)/K74,"") -> 0.89379085 | Q74: =M74 -> 1094 | R74: =+Q74+AB74+AC74+AD74 -> 1152 | S74: 11 | T74: 1 | U74: 0 | V74: 0 | W74: 0 | X74: 20 | Y74: 0 | Z74: 1 | AA74: 0 | AB74: 50 | AC74: 0 | AD74: 8 | AK74: =+AD74+AE74+AF74+AG74+AH74+AI74 -> 8 | AL74: =WEEKNUM(D74,21) -> 7 | AM74: =AK74 -> 8 | AN74: =IFERROR(Q74/R74,"") -> 0.94965278 | AO74: =IFERROR(AN74*P74*L74,"") -> 0.84879096 | AP74: =IFERROR(AM74/R74*1000000,"") -> 6944.4444 | AQ74: =+AB74*0.5 -> 25 | AR74: =+AC74*0.2 -> 0 | AS74: =+AD74*0.1 -> 0.8 | AT74: =SUM(AQ74:AS74) -> 25.8 | AX74: =+AW74+AU74+AT74+AV74 -> 25.8 | BA74: =IFERROR(M74/N74*60,"") -> 429.01961 | BB74: 1 | BC74: =IFERROR(BA74*BB74,"") -> 429.01961 | BD74: =IFERROR(BB74*K74,"") -> 480 | BE74: =J74*BB74 -> 480 | BF74: =BC74/BE74 -> 0.89379085 | BG74: roberto
A75: =+A74+1 -> 73 | B75: 3140CA027 | C75: A | D75: 45703 | I75: 480 | J75: =I75+H75 -> 480 | K75: =IFERROR(J75-E75-F75-G75,"") -> 480 | L75: =IFERROR(K75/J75,"") -> 1 | M75: =70+116+149+148+119+75+79+118 -> 874 | N75: 153 | O75: 60 | P75: =IFERROR((M75/N75*O75)/K75,"") -> 0.71405229 | Q75: =M75 -> 874 | R75: =+Q75+AB75+AC75+AD75 -> 938 | S75: 10 | T75: 1 | U75: 0 | V75: 3 | W75: 0 | X75: 9 | Y75: 0 | Z75: 0 | AA75: 0 | AB75: 58 | AC75: 0 | AD75: 6 | AK75: =+AD75+AE75+AF75+AG75+AH75+AI75 -> 6 | AL75: =WEEKNUM(D75,21) -> 7 | AM75: =AK75 -> 6 | AN75: =IFERROR(Q75/R75,"") -> 0.93176972 | AO75: =IFERROR(AN75*P75*L75,"") -> 0.6653323 | AP75: =IFERROR(AM75/R75*1000000,"") -> 6396.5885 | AQ75: =+AB75*0.5 -> 29 | AR75: =+AC75*0.2 -> 0 | AS75: =+AD75*0.1 -> 0.6 | AT75: =SUM(AQ75:AS75) -> 29.6 | AX75: =+AW75+AU75+AT75+AV75 -> 29.6 | BA75: =IFERROR(M75/N75*60,"") -> 342.7451 | BB75: 1 | BC75: =IFERROR(BA75*BB75,"") -> 342.7451 | BD75: =IFERROR(BB75*K75,"") -> 480 | BE75: =J75*BB75 -> 480 | BF75: =BC75/BE75 -> 0.71405229 | BG75: viviana
A76: =+A75+1 -> 74 | B76: 3140CA027 | C76: B | D76: 45703 | I76: 450 | J76: =I76+H76 -> 450 | K76: =IFERROR(J76-E76-F76-G76,"") -> 450 | L76: =IFERROR(K76/J76,"") -> 1 | M76: 896 | N76: 153 | O76: 60 | P76: =IFERROR((M76/N76*O76)/K76,"") -> 0.78082789 | Q76: =M76 -> 896 | R76: =+Q76+AB76+AC76+AD76 -> 985 | S76: 7 | T76: 5 | U76: 0 | V76: 2 | W76: 0 | X76: 6 | Y76: 0 | Z76: 1 | AA76: 0 | AB76: 58 | AC76: 7 | AD76: 24 | AK76: =+AD76+AE76+AF76+AG76+AH76+AI76 -> 24 | AL76: =WEEKNUM(D76,21) -> 7 | AM76: =AK76 -> 24 | AN76: =IFERROR(Q76/R76,"") -> 0.90964467 | AO76: =IFERROR(AN76*P76*L76,"") -> 0.71027593 | AP76: =IFERROR(AM76/R76*1000000,"") -> 24365.482 | AQ76: =+AB76*0.5 -> 29 | AR76: =+AC76*0.2 -> 1.4 | AS76: =+AD76*0.1 -> 2.4 | AT76: =SUM(AQ76:AS76) -> 32.8 | AX76: =+AW76+AU76+AT76+AV76 -> 32.8 | BA76: =IFERROR(M76/N76*60,"") -> 351.37255 | BB76: 1 | BC76: =IFERROR(BA76*BB76,"") -> 351.37255 | BD76: =IFERROR(BB76*K76,"") -> 450 | BE76: =J76*BB76 -> 450 | BF76: =BC76/BE76 -> 0.78082789 | BG76: viviana
A77: =+A76+1 -> 75 | B77: 3140CA029 LIBERACION | C77: A | D77: 45705 | E77: =60*7 -> 420 | I77: 480 | J77: =I77+H77 -> 480 | K77: =IFERROR(J77-E77-F77-G77,"") -> 60 | L77: =IFERROR(K77/J77,"") -> 0.125 | M77: 6 | N77: 153 | O77: 60 | P77: =IFERROR((M77/N77*O77)/K77,"") -> 0.039215686 | Q77: =M77 -> 6 | R77: =+Q77+AB77+AC77+AD77 -> 7 | S77: 1 | T77: 0 | U77: 0 | V77: 0 | W77: 0 | X77: 0 | Y77: 0 | Z77: 0 | AA77: 0 | AB77: 1 | AC77: 0 | AD77: 0 | AK77: =+AD77+AE77+AF77+AG77+AH77+AI77 -> 0 | AL77: =WEEKNUM(D77,21) -> 8 | AM77: =AK77 -> 0 | AN77: =IFERROR(Q77/R77,"") -> 0.85714286 | AO77: =IFERROR(AN77*P77*L77,"") -> 0.0042016807 | AP77: =IFERROR(AM77/R77*1000000,"") -> 0 | AQ77: =+AB77*0.5 -> 0.5 | AR77: =+AC77*0.2 -> 0 | AS77: =+AD77*0.1 -> 0 | AT77: =SUM(AQ77:AS77) -> 0.5 | AX77: =+AW77+AU77+AT77+AV77 -> 0.5 | BA77: =IFERROR(M77/N77*60,"") -> 2.3529412 | BB77: 1 | BC77: =IFERROR(BA77*BB77,"") -> 2.3529412 | BD77: =IFERROR(BB77*K77,"") -> 60 | BE77: =J77*BB77 -> 480 | BF77: =BC77/BE77 -> 0.0049019608 | BG77: roberto
A78: =+A77+1 -> 76 | B78: 3140CA029 | C78: B | D78: 45705 | I78: 450 | J78: =I78+H78 -> 450 | K78: =IFERROR(J78-E78-F78-G78,"") -> 450 | L78: =IFERROR(K78/J78,"") -> 1 | M78: 777 | N78: 153 | O78: 60 | P78: =IFERROR((M78/N78*O78)/K78,"") -> 0.67712418 | Q78: =M78 -> 777 | R78: =+Q78+AB78+AC78+AD78 -> 821 | S78: 64 | T78: 1 | U78: 2 | V78: 0 | W78: 2 | X78: 11 | Y78: 0 | Z78: 0 | AA78: 0 | AB78: 32 | AC78: 0 | AD78: 12 | AK78: =+AD78+AE78+AF78+AG78+AH78+AI78 -> 12 | AL78: =WEEKNUM(D78,21) -> 8 | AM78: =AK78 -> 12 | AN78: =IFERROR(Q78/R78,"") -> 0.94640682 | AO78: =IFERROR(AN78*P78*L78,"") -> 0.64083495 | AP78: =IFERROR(AM78/R78*1000000,"") -> 14616.322 | AQ78: =+AB78*0.5 -> 16 | AR78: =+AC78*0.2 -> 0 | AS78: =+AD78*0.1 -> 1.2 | AT78: =SUM(AQ78:AS78) -> 17.2 | AX78: =+AW78+AU78+AT78+AV78 -> 17.2 | BA78: =IFERROR(M78/N78*60,"") -> 304.70588 | BB78: 1 | BC78: =IFERROR(BA78*BB78,"") -> 304.70588 | BD78: =IFERROR(BB78*K78,"") -> 450 | BE78: =J78*BB78 -> 450 | BF78: =BC78/BE78 -> 0.67712418 | BG78: NOHENY
A79: =+A78+1 -> 77 | B79: 3140CA029 | C79: C | D79: 45705 | I79: 510 | J79: =I79+H79 -> 510 | K79: =IFERROR(J79-E79-F79-G79,"") -> 510 | L79: =IFERROR(K79/J79,"") -> 1 | M79: 1093 | N79: 153 | O79: 60 | P79: =IFERROR((M79/N79*O79)/K79,"") -> 0.84044598 | Q79: =M79 -> 1093 | R79: =+Q79+AB79+AC79+AD79 -> 1136 | S79: 13 | T79: 7 | U79: 38 | V79: 0 | W79: 0 | X79: 9 | Y79: 0 | Z79: 1 | AA79: 0 | AB79: 34 | AC79: 0 | AD79: 9 | AK79: =+AD79+AE79+AF79+AG79+AH79+AI79 -> 9 | AL79: =WEEKNUM(D79,21) -> 8 | AM79: =AK79 -> 9 | AN79: =IFERROR(Q79/R79,"") -> 0.96214789 | AO79: =IFERROR(AN79*P79*L79,"") -> 0.80863333 | AP79: =IFERROR(AM79/R79*1000000,"") -> 7922.5352 | AQ79: =+AB79*0.5 -> 17 | AR79: =+AC79*0.2 -> 0 | AS79: =+AD79*0.1 -> 0.9 | AT79: =SUM(AQ79:AS79) -> 17.9 | AX79: =+AW79+AU79+AT79+AV79 -> 17.9 | BA79: =IFERROR(M79/N79*60,"") -> 428.62745 | BB79: 1 | BC79: =IFERROR(BA79*BB79,"") -> 428.62745 | BD79: =IFERROR(BB79*K79,"") -> 510 | BE79: =J79*BB79 -> 510 | BF79: =BC79/BE79 -> 0.84044598 | BG79: PATY
A80: =+A79+1 -> 78 | B80: 3140CA029 | C80: A | D80: 45706 | E80: 68 | I80: 480 | J80: =I80+H80 -> 480 | K80: =IFERROR(J80-E80-F80-G80,"") -> 412 | L80: =IFERROR(K80/J80,"") -> 0.85833333 | M80: 881 | N80: 153 | O80: 60 | P80: =IFERROR((M80/N80*O80)/K80,"") -> 0.83856844 | Q80: =M80 -> 881 | R80: =+Q80+AB80+AC80+AD80 -> 893 | S80: 22 | T80: 1 | U80: 29 | V80: 0 | W80: 0 | X80: 1 | Y80: 0 | Z80: 0 | AA80: 0 | AB80: 6 | AC80: 3 | AD80: 3 | AK80: =+AD80+AE80+AF80+AG80+AH80+AI80 -> 3 | AL80: =WEEKNUM(D80,21) -> 8 | AM80: =AK80 -> 3 | AN80: =IFERROR(Q80/R80,"") -> 0.98656215 | AO80: =IFERROR(AN80*P80*L80,"") -> 0.71009906 | AP80: =IFERROR(AM80/R80*1000000,"") -> 3359.4625 | AQ80: =+AB80*0.5 -> 3 | AR80: =+AC80*0.2 -> 0.6 | AS80: =+AD80*0.1 -> 0.3 | AT80: =SUM(AQ80:AS80) -> 3.9 | AX80: =+AW80+AU80+AT80+AV80 -> 3.9 | BA80: =IFERROR(M80/N80*60,"") -> 345.4902 | BB80: 1 | BC80: =IFERROR(BA80*BB80,"") -> 345.4902 | BD80: =IFERROR(BB80*K80,"") -> 412 | BE80: =J80*BB80 -> 480 | BF80: =BC80/BE80 -> 0.71977124 | BG80: roberto
A81: =+A80+1 -> 79 | B81: 3140CA029 | C81: B | D81: 45706 | I81: 450 | J81: =I81+H81 -> 450 | K81: =IFERROR(J81-E81-F81-G81,"") -> 450 | L81: =IFERROR(K81/J81,"") -> 1 | M81: 822 | N81: 153 | O81: 60 | P81: =IFERROR((M81/N81*O81)/K81,"") -> 0.71633987 | Q81: =M81 -> 822 | R81: =+Q81+AB81+AC81+AD81 -> 841 | S81: 3 | T81: 2 | U81: 0 | V81: 0 | W81: 0 | X81: 1 | Y81: 0 | Z81: 5 | AA81: 1 | AB81: 18 | AC81: 1 | AD81: 0 | AK81: =+AD81+AE81+AF81+AG81+AH81+AI81 -> 0 | AL81: =WEEKNUM(D81,21) -> 8 | AM81: =AK81 -> 0 | AN81: =IFERROR(Q81/R81,"") -> 0.97740785 | AO81: =IFERROR(AN81*P81*L81,"") -> 0.70015621 | AP81: =IFERROR(AM81/R81*1000000,"") -> 0 | AQ81: =+AB81*0.5 -> 9 | AR81: =+AC81*0.2 -> 0.2 | AS81: =+AD81*0.1 -> 0 | AT81: =SUM(AQ81:AS81) -> 9.2 | AX81: =+AW81+AU81+AT81+AV81 -> 9.2 | BA81: =IFERROR(M81/N81*60,"") -> 322.35294 | BB81: 1 | BC81: =IFERROR(BA81*BB81,"") -> 322.35294 | BD81: =IFERROR(BB81*K81,"") -> 450 | BE81: =J81*BB81 -> 450 | BF81: =BC81/BE81 -> 0.71633987 | BG81: NOHENY
A82: =+A81+1 -> 80 | B82: 3140CA029 | C82: C | D82: 45706 | I82: 510 | J82: =I82+H82 -> 510 | K82: =IFERROR(J82-E82-F82-G82,"") -> 510 | L82: =IFERROR(K82/J82,"") -> 1 | M82: 1148 | N82: 153 | O82: 60 | P82: =IFERROR((M82/N82*O82)/K82,"") -> 0.88273741 | Q82: =M82 -> 1148 | R82: =+Q82+AB82+AC82+AD82 -> 1178 | S82: 4 | T82: 0 | U82: 16 | V82: 0 | W82: 0 | X82: 9 | Y82: 0 | Z82: 1 | AA82: 0 | AB82: 12 | AC82: 0 | AD82: 18 | AK82: =+AD82+AE82+AF82+AG82+AH82+AI82 -> 18 | AL82: =WEEKNUM(D82,21) -> 8 | AM82: =AK82 -> 18 | AN82: =IFERROR(Q82/R82,"") -> 0.97453311 | AO82: =IFERROR(AN82*P82*L82,"") -> 0.86025683 | AP82: =IFERROR(AM82/R82*1000000,"") -> 15280.136 | AQ82: =+AB82*0.5 -> 6 | AR82: =+AC82*0.2 -> 0 | AS82: =+AD82*0.1 -> 1.8 | AT82: =SUM(AQ82:AS82) -> 7.8 | AX82: =+AW82+AU82+AT82+AV82 -> 7.8 | BA82: =IFERROR(M82/N82*60,"") -> 450.19608 | BB82: 1 | BC82: =IFERROR(BA82*BB82,"") -> 450.19608 | BD82: =IFERROR(BB82*K82,"") -> 510 | BE82: =J82*BB82 -> 510 | BF82: =BC82/BE82 -> 0.88273741 | BG82: PATY
A83: =+A82+1 -> 81 | B83: 3140CA029 | C83: A | D83: 45707 | E83: 40 | I83: 480 | J83: =I83+H83 -> 480 | K83: =IFERROR(J83-E83-F83-G83,"") -> 440 | L83: =IFERROR(K83/J83,"") -> 0.91666667 | M83: 480 | N83: 153 | O83: 60 | P83: =IFERROR((M83/N83*O83)/K83,"") -> 0.42780749 | Q83: =M83 -> 480 | R83: =+Q83+AB83+AC83+AD83 -> 510 | S83: 1 | T83: 3 | U83: 21 | V83: 0 | W83: 0 | X83: 4 | Y83: 0 | Z83: 0 | AA83: 0 | AB83: 15 | AC83: 8 | AD83: 7 | AK83: =+AD83+AE83+AF83+AG83+AH83+AI83 -> 7 | AL83: =WEEKNUM(D83,21) -> 8 | AM83: =AK83 -> 7 | AN83: =IFERROR(Q83/R83,"") -> 0.94117647 | AO83: =IFERROR(AN83*P83*L83,"") -> 0.36908881 | AP83: =IFERROR(AM83/R83*1000000,"") -> 13725.49 | AQ83: =+AB83*0.5 -> 7.5 | AR83: =+AC83*0.2 -> 1.6 | AS83: =+AD83*0.1 -> 0.7 | AT83: =SUM(AQ83:AS83) -> 9.8 | AX83: =+AW83+AU83+AT83+AV83 -> 9.8 | BA83: =IFERROR(M83/N83*60,"") -> 188.23529 | BB83: 1 | BC83: =IFERROR(BA83*BB83,"") -> 188.23529 | BD83: =IFERROR(BB83*K83,"") -> 440 | BE83: =J83*BB83 -> 480 | BF83: =BC83/BE83 -> 0.39215686 | BG83: roberto
A84: =+A83+1 -> 82 | B84: 3140CA029 | C84: B | D84: 45707 | I84: 450 | J84: =I84+H84 -> 450 | K84: =IFERROR(J84-E84-F84-G84,"") -> 450 | L84: =IFERROR(K84/J84,"") -> 1 | M84: 1026 | N84: 153 | O84: 60 | P84: =IFERROR((M84/N84*O84)/K84,"") -> 0.89411765 | Q84: =M84 -> 1026 | R84: =+Q84+AB84+AC84+AD84 -> 1063 | S84: 2 | T84: 2 | U84: 0 | V84: 0 | W84: 0 | X84: 4 | Y84: 0 | Z84: 3 | AA84: 0 | AB84: 17 | AC84: 15 | AD84: 5 | AK84: =+AD84+AE84+AF84+AG84+AH84+AI84 -> 5 | AL84: =WEEKNUM(D84,21) -> 8 | AM84: =AK84 -> 5 | AN84: =IFERROR(Q84/R84,"") -> 0.96519285 | AO84: =IFERROR(AN84*P84*L84,"") -> 0.86299596 | AP84: =IFERROR(AM84/R84*1000000,"") -> 4703.6689 | AQ84: =+AB84*0.5 -> 8.5 | AR84: =+AC84*0.2 -> 3 | AS84: =+AD84*0.1 -> 0.5 | AT84: =SUM(AQ84:AS84) -> 12 | AX84: =+AW84+AU84+AT84+AV84 -> 12 | BA84: =IFERROR(M84/N84*60,"") -> 402.35294 | BB84: 1 | BC84: =IFERROR(BA84*BB84,"") -> 402.35294 | BD84: =IFERROR(BB84*K84,"") -> 450 | BE84: =J84*BB84 -> 450 | BF84: =BC84/BE84 -> 0.89411765 | BG84: NOHENY
A85: =+A84+1 -> 83 | B85: 3140CA029 | C85: C | D85: 45707 | I85: 510 | J85: =I85+H85 -> 510 | K85: =IFERROR(J85-E85-F85-G85,"") -> 510 | L85: =IFERROR(K85/J85,"") -> 1 | M85: 1124 | N85: 153 | O85: 60 | P85: =IFERROR((M85/N85*O85)/K85,"") -> 0.86428297 | Q85: =M85 -> 1124 | R85: =+Q85+AB85+AC85+AD85 -> 1146 | S85: 5 | T85: 1 | U85: 0 | V85: 0 | W85: 0 | X85: 3 | Y85: 0 | Z85: 1 | AA85: 0 | AB85: 14 | AC85: 5 | AD85: 3 | AK85: =+AD85+AE85+AF85+AG85+AH85+AI85 -> 3 | AL85: =WEEKNUM(D85,21) -> 8 | AM85: =AK85 -> 3 | AN85: =IFERROR(Q85/R85,"") -> 0.98080279 | AO85: =IFERROR(AN85*P85*L85,"") -> 0.84769115 | AP85: =IFERROR(AM85/R85*1000000,"") -> 2617.801 | AQ85: =+AB85*0.5 -> 7 | AR85: =+AC85*0.2 -> 1 | AS85: =+AD85*0.1 -> 0.3 | AT85: =SUM(AQ85:AS85) -> 8.3 | AX85: =+AW85+AU85+AT85+AV85 -> 8.3 | BA85: =IFERROR(M85/N85*60,"") -> 440.78431 | BB85: 1 | BC85: =IFERROR(BA85*BB85,"") -> 440.78431 | BD85: =IFERROR(BB85*K85,"") -> 510 | BE85: =J85*BB85 -> 510 | BF85: =BC85/BE85 -> 0.86428297 | BG85: PATY
A86: =+A85+1 -> 84 | B86: 3140CA029 | C86: A | D86: 45708 | E86: 15 | I86: 480 | J86: =I86+H86 -> 480 | K86: =IFERROR(J86-E86-F86-G86,"") -> 465 | L86: =IFERROR(K86/J86,"") -> 0.96875 | M86: 935 | N86: 153 | O86: 60 | P86: =IFERROR((M86/N86*O86)/K86,"") -> 0.78853047 | Q86: =M86 -> 935 | R86: =+Q86+AB86+AC86+AD86 -> 963 | S86: 2 | T86: 4 | U86: 0 | V86: 0 | W86: 0 | X86: 0 | Y86: 0 | Z86: 0 | AA86: 3 | AB86: 22 | AC86: 0 | AD86: 6 | AK86: =+AD86+AE86+AF86+AG86+AH86+AI86 -> 6 | AL86: =WEEKNUM(D86,21) -> 8 | AM86: =AK86 -> 6 | AN86: =IFERROR(Q86/R86,"") -> 0.9709242 | AO86: =IFERROR(AN86*P86*L86,"") -> 0.7416782 | AP86: =IFERROR(AM86/R86*1000000,"") -> 6230.5296 | AQ86: =+AB86*0.5 -> 11 | AR86: =+AC86*0.2 -> 0 | AS86: =+AD86*0.1 -> 0.6 | AT86: =SUM(AQ86:AS86) -> 11.6 | AX86: =+AW86+AU86+AT86+AV86 -> 11.6 | BA86: =IFERROR(M86/N86*60,"") -> 366.66667 | BB86: 1 | BC86: =IFERROR(BA86*BB86,"") -> 366.66667 | BD86: =IFERROR(BB86*K86,"") -> 465 | BE86: =J86*BB86 -> 480 | BF86: =BC86/BE86 -> 0.76388889 | BG86: roberto
A87: =+A86+1 -> 85 | B87: 3140CA029 | C87: B | D87: 45708 | I87: 450 | J87: =I87+H87 -> 450 | K87: =IFERROR(J87-E87-F87-G87,"") -> 450 | L87: =IFERROR(K87/J87,"") -> 1 | M87: 957 | N87: 153 | O87: 60 | P87: =IFERROR((M87/N87*O87)/K87,"") -> 0.83398693 | Q87: =M87 -> 957 | R87: =+Q87+AB87+AC87+AD87 -> 988 | S87: 6 | T87: 1 | U87: 0 | V87: 0 | W87: 0 | X87: 8 | Y87: 1 | Z87: 0 | AA87: 0 | AB87: 23 | AC87: 1 | AD87: 7 | AK87: =+AD87+AE87+AF87+AG87+AH87+AI87 -> 7 | AL87: =WEEKNUM(D87,21) -> 8 | AM87: =AK87 -> 7 | AN87: =IFERROR(Q87/R87,"") -> 0.96862348 | AO87: =IFERROR(AN87*P87*L87,"") -> 0.80781932 | AP87: =IFERROR(AM87/R87*1000000,"") -> 7085.0202 | AQ87: =+AB87*0.5 -> 11.5 | AR87: =+AC87*0.2 -> 0.2 | AS87: =+AD87*0.1 -> 0.7 | AT87: =SUM(AQ87:AS87) -> 12.4 | AX87: =+AW87+AU87+AT87+AV87 -> 12.4 | BA87: =IFERROR(M87/N87*60,"") -> 375.29412 | BB87: 1 | BC87: =IFERROR(BA87*BB87,"") -> 375.29412 | BD87: =IFERROR(BB87*K87,"") -> 450 | BE87: =J87*BB87 -> 450 | BF87: =BC87/BE87 -> 0.83398693 | BG87: belen | BH87: NOHEMI
A88: =+A87+1 -> 86 | B88: 3140CA029 | C88: C | D88: 45708 | I88: 510 | J88: =I88+H88 -> 510 | K88: =IFERROR(J88-E88-F88-G88,"") -> 510 | L88: =IFERROR(K88/J88,"") -> 1 | M88: 1311 | N88: 153 | O88: 60 | P88: =IFERROR((M88/N88*O88)/K88,"") -> 1.0080738 | Q88: =M88 -> 1311 | R88: =+Q88+AB88+AC88+AD88 -> 1335 | S88: 5 | T88: 1 | U88: 0 | V88: 0 | W88: 0 | X88: 1 | Y88: 0 | Z88: 0 | AA88: 2 | AB88: 19 | AC88: 1 | AD88: 4 | AK88: =+AD88+AE88+AF88+AG88+AH88+AI88 -> 4 | AL88: =WEEKNUM(D88,21) -> 8 | AM88: =AK88 -> 4 | AN88: =IFERROR(Q88/R88,"") -> 0.98202247 | AO88: =IFERROR(AN88*P88*L88,"") -> 0.98995114 | AP88: =IFERROR(AM88/R88*1000000,"") -> 2996.2547 | AQ88: =+AB88*0.5 -> 9.5 | AR88: =+AC88*0.2 -> 0.2 | AS88: =+AD88*0.1 -> 0.4 | AT88: =SUM(AQ88:AS88) -> 10.1 | AX88: =+AW88+AU88+AT88+AV88 -> 10.1 | BA88: =IFERROR(M88/N88*60,"") -> 514.11765 | BB88: 1 | BC88: =IFERROR(BA88*BB88,"") -> 514.11765 | BD88: =IFERROR(BB88*K88,"") -> 510 | BE88: =J88*BB88 -> 510 | BF88: =BC88/BE88 -> 1.0080738 | BG88: PATY
A89: =+A88+1 -> 87 | B89: 3140CA029 | C89: A | D89: 45709 | E89: 15 | I89: 480 | J89: =I89+H89 -> 480 | K89: =IFERROR(J89-E89-F89-G89,"") -> 465 | L89: =IFERROR(K89/J89,"") -> 0.96875 | M89: 1113 | N89: 153 | O89: 60 | P89: =IFERROR((M89/N89*O89)/K89,"") -> 0.93864643 | Q89: =M89 -> 1113 | R89: =+Q89+AB89+AC89+AD89 -> 1143 | S89: 2 | T89: 2 | U89: 0 | V89: 0 | W89: 0 | X89: 3 | Y89: 0 | Z89: 0 | AA89: 0 | AB89: 26 | AC89: 0 | AD89: 4 | AK89: =+AD89+AE89+AF89+AG89+AH89+AI89 -> 4 | AL89: =WEEKNUM(D89,21) -> 8 | AM89: =AK89 -> 4 | AN89: =IFERROR(Q89/R89,"") -> 0.97375328 | AO89: =IFERROR(AN89*P89*L89,"") -> 0.88544722 | AP89: =IFERROR(AM89/R89*1000000,"") -> 3499.5626 | AQ89: =+AB89*0.5 -> 13 | AR89: =+AC89*0.2 -> 0 | AS89: =+AD89*0.1 -> 0.4 | AT89: =SUM(AQ89:AS89) -> 13.4 | AX89: =+AW89+AU89+AT89+AV89 -> 13.4 | BA89: =IFERROR(M89/N89*60,"") -> 436.47059 | BB89: 1 | BC89: =IFERROR(BA89*BB89,"") -> 436.47059 | BD89: =IFERROR(BB89*K89,"") -> 465 | BE89: =J89*BB89 -> 480 | BF89: =BC89/BE89 -> 0.90931373 | BG89: roberto
A90: =+A89+1 -> 88 | B90: 3140CA029 | C90: B | D90: 45709 | I90: 450 | J90: =I90+H90 -> 450 | K90: =IFERROR(J90-E90-F90-G90,"") -> 450 | L90: =IFERROR(K90/J90,"") -> 1 | M90: 876 | N90: 153 | O90: 60 | P90: =IFERROR((M90/N90*O90)/K90,"") -> 0.76339869 | Q90: =M90 -> 876 | R90: =+Q90+AB90+AC90+AD90 -> 890 | S90: 2 | T90: 2 | U90: 1 | V90: 0 | W90: 0 | X90: 3 | Y90: 0 | Z90: 0 | AA90: 0 | AB90: 12 | AC90: 0 | AD90: 2 | AK90: =+AD90+AE90+AF90+AG90+AH90+AI90 -> 2 | AL90: =WEEKNUM(D90,21) -> 8 | AM90: =AK90 -> 2 | AN90: =IFERROR(Q90/R90,"") -> 0.98426966 | AO90: =IFERROR(AN90*P90*L90,"") -> 0.75139017 | AP90: =IFERROR(AM90/R90*1000000,"") -> 2247.191 | AQ90: =+AB90*0.5 -> 6 | AR90: =+AC90*0.2 -> 0 | AS90: =+AD90*0.1 -> 0.2 | AT90: =SUM(AQ90:AS90) -> 6.2 | AX90: =+AW90+AU90+AT90+AV90 -> 6.2 | BA90: =IFERROR(M90/N90*60,"") -> 343.52941 | BB90: 1 | BC90: =IFERROR(BA90*BB90,"") -> 343.52941 | BD90: =IFERROR(BB90*K90,"") -> 450 | BE90: =J90*BB90 -> 450 | BF90: =BC90/BE90 -> 0.76339869 | BG90: belen | BH90: NOHEMI
A91: =+A90+1 -> 89 | B91: 3140CA029 | C91: C | D91: 45709 | I91: 510 | J91: =I91+H91 -> 510 | K91: =IFERROR(J91-E91-F91-G91,"") -> 510 | L91: =IFERROR(K91/J91,"") -> 1 | M91: 1202 | N91: 153 | O91: 60 | P91: =IFERROR((M91/N91*O91)/K91,"") -> 0.9242599 | Q91: =M91 -> 1202 | R91: =+Q91+AB91+AC91+AD91 -> 1231 | S91: 16 | T91: 0 | U91: 4 | V91: 13 | W91: 0 | X91: 0 | Y91: 0 | Z91: 0 | AA91: 2 | AB91: 28 | AC91: 0 | AD91: 1 | AK91: =+AD91+AE91+AF91+AG91+AH91+AI91 -> 1 | AL91: =WEEKNUM(D91,21) -> 8 | AM91: =AK91 -> 1 | AN91: =IFERROR(Q91/R91,"") -> 0.97644192 | AO91: =IFERROR(AN91*P91*L91,"") -> 0.90248611 | AP91: =IFERROR(AM91/R91*1000000,"") -> 812.34768 | AQ91: =+AB91*0.5 -> 14 | AR91: =+AC91*0.2 -> 0 | AS91: =+AD91*0.1 -> 0.1 | AT91: =SUM(AQ91:AS91) -> 14.1 | AX91: =+AW91+AU91+AT91+AV91 -> 14.1 | BA91: =IFERROR(M91/N91*60,"") -> 471.37255 | BB91: 1 | BC91: =IFERROR(BA91*BB91,"") -> 471.37255 | BD91: =IFERROR(BB91*K91,"") -> 510 | BE91: =J91*BB91 -> 510 | BF91: =BC91/BE91 -> 0.9242599 | BG91: PATY
A92: =+A91+1 -> 90 | B92: 3140CA029 | C92: A | D92: 45710 | I92: 480 | J92: =I92+H92 -> 480 | K92: =IFERROR(J92-E92-F92-G92,"") -> 480 | L92: =IFERROR(K92/J92,"") -> 1 | M92: 1173 | N92: 153 | O92: 60 | P92: =IFERROR((M92/N92*O92)/K92,"") -> 0.95833333 | Q92: =M92 -> 1173 | R92: =+Q92+AB92+AC92+AD92 -> 1201 | S92: 14 | T92: 0 | U92: 0 | V92: 27 | W92: 0 | X92: 0 | Y92: 0 | Z92: 1 | AA92: 0 | AB92: 23 | AC92: 0 | AD92: 5 | AK92: =+AD92+AE92+AF92+AG92+AH92+AI92 -> 5 | AL92: =WEEKNUM(D92,21) -> 8 | AM92: =AK92 -> 5 | AN92: =IFERROR(Q92/R92,"") -> 0.97668609 | AO92: =IFERROR(AN92*P92*L92,"") -> 0.93599084 | AP92: =IFERROR(AM92/R92*1000000,"") -> 4163.1973 | AQ92: =+AB92*0.5 -> 11.5 | AR92: =+AC92*0.2 -> 0 | AS92: =+AD92*0.1 -> 0.5 | AT92: =SUM(AQ92:AS92) -> 12 | AX92: =+AW92+AU92+AT92+AV92 -> 12 | BA92: =IFERROR(M92/N92*60,"") -> 460 | BB92: 1 | BC92: =IFERROR(BA92*BB92,"") -> 460 | BD92: =IFERROR(BB92*K92,"") -> 480 | BE92: =J92*BB92 -> 480 | BF92: =BC92/BE92 -> 0.95833333 | BG92: ROBERTO
A93: =+A92+1 -> 91 | B93: 3140CA029 | C93: B | D93: 45710 | I93: 19 | J93: =I93+H93 -> 19 | K93: =IFERROR(J93-E93-F93-G93,"") -> 19 | L93: =IFERROR(K93/J93,"") -> 1 | M93: 33 | N93: 153 | O93: 60 | P93: =IFERROR((M93/N93*O93)/K93,"") -> 0.68111455 | Q93: =M93 -> 33 | R93: =+Q93+AB93+AC93+AD93 -> 33 | S93: 0 | T93: 0 | U93: 1 | V93: 0 | W93: 0 | X93: 0 | Y93: 0 | Z93: 0 | AA93: 0 | AB93: 0 | AC93: 0 | AD93: 0 | AK93: =+AD93+AE93+AF93+AG93+AH93+AI93 -> 0 | AL93: =WEEKNUM(D93,21) -> 8 | AM93: =AK93 -> 0 | AN93: =IFERROR(Q93/R93,"") -> 1 | AO93: =IFERROR(AN93*P93*L93,"") -> 0.68111455 | AP93: =IFERROR(AM93/R93*1000000,"") -> 0 | AQ93: =+AB93*0.5 -> 0 | AR93: =+AC93*0.2 -> 0 | AS93: =+AD93*0.1 -> 0 | AT93: =SUM(AQ93:AS93) -> 0 | AX93: =+AW93+AU93+AT93+AV93 -> 0 | BA93: =IFERROR(M93/N93*60,"") -> 12.941176 | BB93: 1 | BC93: =IFERROR(BA93*BB93,"") -> 12.941176 | BD93: =IFERROR(BB93*K93,"") -> 19 | BE93: =J93*BB93 -> 19 | BF93: =BC93/BE93 -> 0.68111455 | BG93: LUPITA
A94: =+A93+1 -> 92 | B94: 3140CA029RW | C94: B | D94: 45710 | E94: 60 | I94: =450-19 -> 431 | J94: =I94+H94 -> 431 | K94: =IFERROR(J94-E94-F94-G94,"") -> 371 | L94: =IFERROR(K94/J94,"") -> 0.86078886 | M94: =517+84+19 -> 620 | N94: 153 | O94: 60 | P94: =IFERROR((M94/N94*O94)/K94,"") -> 0.65535648 | Q94: =M94 -> 620 | R94: =+Q94+AB94+AC94+AD94 -> 1073 | AB94: 3 | AC94: 447 | AD94: 3 | AK94: =+AD94+AE94+AF94+AG94+AH94+AI94 -> 3 | AL94: =WEEKNUM(D94,21) -> 8 | AM94: =AK94 -> 3 | AN94: =IFERROR(Q94/R94,"") -> 0.5778192 | AO94: =IFERROR(AN94*P94*L94,"") -> 0.32596142 | AP94: =IFERROR(AM94/R94*1000000,"") -> 2795.8993 | AQ94: =+AB94*0.5 -> 1.5 | AR94: =+AC94*0.2 -> 89.4 | AS94: =+AD94*0.1 -> 0.3 | AT94: =SUM(AQ94:AS94) -> 91.2 | AX94: =+AW94+AU94+AT94+AV94 -> 91.2 | BA94: =IFERROR(M94/N94*60,"") -> 243.13725 | BB94: 1 | BC94: =IFERROR(BA94*BB94,"") -> 243.13725 | BD94: =IFERROR(BB94*K94,"") -> 371 | BE94: =J94*BB94 -> 431 | BF94: =BC94/BE94 -> 0.56412356 | BG94: lupita
A95: =+A94+1 -> 93 | B95: 3140CA029 | C95: A | D95: 45712 | E95: =60*3 -> 180 | F95: 240 | I95: 480 | J95: =I95+H95 -> 480 | K95: =IFERROR(J95-E95-F95-G95,"") -> 60 | L95: =IFERROR(K95/J95,"") -> 0.125 | M95: 54 | N95: 153 | O95: 60 | P95: =IFERROR((M95/N95*O95)/K95,"") -> 0.35294118 | Q95: =M95 -> 54 | R95: =+Q95+AB95+AC95+AD95 -> 62 | S95: 1 | T95: 0 | U95: 1 | V95: 2 | W95: 0 | X95: 0 | Y95: 0 | Z95: 0 | AA95: 0 | AB95: 0 | AC95: 4 | AD95: 4 | AK95: =+AD95+AE95+AF95+AG95+AH95+AI95 -> 4 | AL95: =WEEKNUM(D95,21) -> 9 | AM95: =AK95 -> 4 | AN95: =IFERROR(Q95/R95,"") -> 0.87096774 | AO95: =IFERROR(AN95*P95*L95,"") -> 0.038425047 | AP95: =IFERROR(AM95/R95*1000000,"") -> 64516.129 | AQ95: =+AB95*0.5 -> 0 | AR95: =+AC95*0.2 -> 0.8 | AS95: =+AD95*0.1 -> 0.4 | AT95: =SUM(AQ95:AS95) -> 1.2 | AX95: =+AW95+AU95+AT95+AV95 -> 1.2 | BA95: =IFERROR(M95/N95*60,"") -> 21.176471 | BB95: 1 | BC95: =IFERROR(BA95*BB95,"") -> 21.176471 | BD95: =IFERROR(BB95*K95,"") -> 60 | BE95: =J95*BB95 -> 480 | BF95: =BC95/BE95 -> 0.044117647 | BG95: ROBERTO
A96: =+A95+1 -> 94 | B96: 3140CA029 | C96: B | D96: 45712 | F96: 210 | I96: 450 | J96: =I96+H96 -> 450 | K96: =IFERROR(J96-E96-F96-G96,"") -> 240 | L96: =IFERROR(K96/J96,"") -> 0.53333333 | M96: 444 | N96: 153 | O96: 60 | P96: =IFERROR((M96/N96*O96)/K96,"") -> 0.7254902 | Q96: =M96 -> 444 | R96: =+Q96+AB96+AC96+AD96 -> 450 | S96: 8 | T96: 1 | U96: 0 | V96: 3 | W96: 0 | X96: 0 | Y96: 0 | Z96: 7 | AA96: 0 | AB96: 6 | AC96: 0 | AD96: 0 | AK96: =+AD96+AE96+AF96+AG96+AH96+AI96 -> 0 | AL96: =WEEKNUM(D96,21) -> 9 | AM96: =AK96 -> 0 | AN96: =IFERROR(Q96/R96,"") -> 0.98666667 | AO96: =IFERROR(AN96*P96*L96,"") -> 0.38176906 | AP96: =IFERROR(AM96/R96*1000000,"") -> 0 | AQ96: =+AB96*0.5 -> 3 | AR96: =+AC96*0.2 -> 0 | AS96: =+AD96*0.1 -> 0 | AT96: =SUM(AQ96:AS96) -> 3 | AX96: =+AW96+AU96+AT96+AV96 -> 3 | BA96: =IFERROR(M96/N96*60,"") -> 174.11765 | BB96: 1 | BC96: =IFERROR(BA96*BB96,"") -> 174.11765 | BD96: =IFERROR(BB96*K96,"") -> 240 | BE96: =J96*BB96 -> 450 | BF96: =BC96/BE96 -> 0.3869281 | BG96: GUSTAVO
A97: =+A96+1 -> 95 | B97: 3140CA029 | C97: C | D97: 45712 | I97: 510 | J97: =I97+H97 -> 510 | K97: =IFERROR(J97-E97-F97-G97,"") -> 510 | L97: =IFERROR(K97/J97,"") -> 1 | M97: 1118 | N97: 153 | O97: 60 | P97: =IFERROR((M97/N97*O97)/K97,"") -> 0.85966936 | Q97: =M97 -> 1118 | R97: =+Q97+AB97+AC97+AD97 -> 1126 | S97: 14 | T97: 1 | U97: 4 | V97: 0 | W97: 0 | X97: 2 | Y97: 0 | Z97: 1 | AA97: 0 | AB97: 5 | AC97: 0 | AD97: 3 | AK97: =+AD97+AE97+AF97+AG97+AH97+AI97 -> 3 | AL97: =WEEKNUM(D97,21) -> 9 | AM97: =AK97 -> 3 | AN97: =IFERROR(Q97/R97,"") -> 0.9928952 | AO97: =IFERROR(AN97*P97*L97,"") -> 0.85356158 | AP97: =IFERROR(AM97/R97*1000000,"") -> 2664.2984 | AQ97: =+AB97*0.5 -> 2.5 | AR97: =+AC97*0.2 -> 0 | AS97: =+AD97*0.1 -> 0.3 | AT97: =SUM(AQ97:AS97) -> 2.8 | AX97: =+AW97+AU97+AT97+AV97 -> 2.8 | BA97: =IFERROR(M97/N97*60,"") -> 438.43137 | BB97: 1 | BC97: =IFERROR(BA97*BB97,"") -> 438.43137 | BD97: =IFERROR(BB97*K97,"") -> 510 | BE97: =J97*BB97 -> 510 | BF97: =BC97/BE97 -> 0.85966936 | BG97: PATY
A98: =+A97+1 -> 96 | B98: 3140CA029 | C98: A | D98: 45713 | E98: 45 | F98: 255 | I98: 480 | J98: =I98+H98 -> 480 | K98: =IFERROR(J98-E98-F98-G98,"") -> 180 | L98: =IFERROR(K98/J98,"") -> 0.375 | M98: 374 | N98: 153 | O98: 60 | P98: =IFERROR((M98/N98*O98)/K98,"") -> 0.81481481 | Q98: =M98 -> 374 | R98: =+Q98+AB98+AC98+AD98 -> 383 | S98: 7 | T98: 3 | U98: 1 | V98: 8 | W98: 0 | X98: 0 | Y98: 0 | Z98: 0 | AA98: 0 | AB98: 9 | AC98: 0 | AD98: 0 | AK98: =+AD98+AE98+AF98+AG98+AH98+AI98 -> 0 | AL98: =WEEKNUM(D98,21) -> 9 | AM98: =AK98 -> 0 | AN98: =IFERROR(Q98/R98,"") -> 0.97650131 | AO98: =IFERROR(AN98*P98*L98,"") -> 0.2983754 | AP98: =IFERROR(AM98/R98*1000000,"") -> 0 | AQ98: =+AB98*0.5 -> 4.5 | AR98: =+AC98*0.2 -> 0 | AS98: =+AD98*0.1 -> 0 | AT98: =SUM(AQ98:AS98) -> 4.5 | AX98: =+AW98+AU98+AT98+AV98 -> 4.5 | BA98: =IFERROR(M98/N98*60,"") -> 146.66667 | BB98: 1 | BC98: =IFERROR(BA98*BB98,"") -> 146.66667 | BD98: =IFERROR(BB98*K98,"") -> 180 | BE98: =J98*BB98 -> 480 | BF98: =BC98/BE98 -> 0.30555556 | BG98: ROBERTO
A99: =+A98+1 -> 97 | B99: 3140CA029 | C99: B | D99: 45713 | I99: 450 | J99: =I99+H99 -> 450 | K99: =IFERROR(J99-E99-F99-G99,"") -> 450 | L99: =IFERROR(K99/J99,"") -> 1 | M99: 1103 | N99: 153 | O99: 60 | P99: =IFERROR((M99/N99*O99)/K99,"") -> 0.96122004 | Q99: =M99 -> 1103 | R99: =+Q99+AB99+AC99+AD99 -> 1115 | S99: 23 | T99: 2 | U99: 2 | V99: 4 | W99: 0 | X99: 0 | Y99: 0 | Z99: 33 | AA99: 0 | AB99: 8 | AC99: 0 | AD99: 4 | AK99: =+AD99+AE99+AF99+AG99+AH99+AI99 -> 4 | AL99: =WEEKNUM(D99,21) -> 9 | AM99: =AK99 -> 4 | AN99: =IFERROR(Q99/R99,"") -> 0.98923767 | AO99: =IFERROR(AN99*P99*L99,"") -> 0.95087507 | AP99: =IFERROR(AM99/R99*1000000,"") -> 3587.4439 | AQ99: =+AB99*0.5 -> 4 | AR99: =+AC99*0.2 -> 0 | AS99: =+AD99*0.1 -> 0.4 | AT99: =SUM(AQ99:AS99) -> 4.4 | AX99: =+AW99+AU99+AT99+AV99 -> 4.4 | BA99: =IFERROR(M99/N99*60,"") -> 432.54902 | BB99: 1 | BC99: =IFERROR(BA99*BB99,"") -> 432.54902 | BD99: =IFERROR(BB99*K99,"") -> 450 | BE99: =J99*BB99 -> 450 | BF99: =BC99/BE99 -> 0.96122004 | BG99: GUSTAVO
A100: =+A99+1 -> 98 | B100: 3140CA029 | C100: C | D100: 45713 | I100: 510 | J100: =I100+H100 -> 510 | K100: =IFERROR(J100-E100-F100-G100,"") -> 510 | L100: =IFERROR(K100/J100,"") -> 1 | M100: 1156 | N100: 153 | O100: 60 | P100: =IFERROR((M100/N100*O100)/K100,"") -> 0.88888889 | Q100: =M100 -> 1156 | R100: =+Q100+AB100+AC100+AD100 -> 1177 | S100: 10 | T100: 0 | U100: 4 | V100: 0 | W100: 7 | X100: 1 | Y100: 0 | Z100: 3 | AA100: 2 | AB100: 21 | AC100: 0 | AD100: 0 | AK100: =+AD100+AE100+AF100+AG100+AH100+AI100 -> 0 | AL100: =WEEKNUM(D100,21) -> 9 | AM100: =AK100 -> 0 | AN100: =IFERROR(Q100/R100,"") -> 0.98215803 | AO100: =IFERROR(AN100*P100*L100,"") -> 0.87302936 | AP100: =IFERROR(AM100/R100*1000000,"") -> 0 | AQ100: =+AB100*0.5 -> 10.5 | AR100: =+AC100*0.2 -> 0 | AS100: =+AD100*0.1 -> 0 | AT100: =SUM(AQ100:AS100) -> 10.5 | AX100: =+AW100+AU100+AT100+AV100 -> 10.5 | BA100: =IFERROR(M100/N100*60,"") -> 453.33333 | BB100: 1 | BC100: =IFERROR(BA100*BB100,"") -> 453.33333 | BD100: =IFERROR(BB100*K100,"") -> 510 | BE100: =J100*BB100 -> 510 | BF100: =BC100/BE100 -> 0.88888889 | BG100: PATY
...

Sheet OEE daily REA 
A5: Week number | B5: 45663 | C5: 45664 | D5: 45665 | E5: 45666 | F5: 45667 | G5: =F5+3 -> 45670 | H5: =G5+1 -> 45671 | I5: =H5+1 -> 45672 | J5: =I5+1 -> 45673 | K5: =J5+1 -> 45674 | L5: =K5+3 -> 45677 | M5: =L5+1 -> 45678 | N5: =M5+1 -> 45679 | O5: =N5+1 -> 45680 | P5: =O5+1 -> 45681 | Q5: =P5+1 -> 45682 | R5: =Q5+2 -> 45684 | S5: =R5+1 -> 45685 | T5: =S5+1 -> 45686 | U5: =T5+1 -> 45687 | V5: =U5+1 -> 45688 | W5: =V5+4 -> 45692 | X5: =W5+1 -> 45693 | Y5: =X5+1 -> 45694 | Z5: =Y5+1 -> 45695 | AA5: =Z5+3 -> 45698 | AB5: =AA5+1 -> 45699 | AC5: =AB5+1 -> 45700 | AD5: =AC5+1 -> 45701 | AE5: =AD5+1 -> 45702 | AF5: =AE5+1 -> 45703 | AG5: =AF5+2 -> 45705 | AH5: =AG5+1 -> 45706 | AI5: =AH5+1 -> 45707 | AJ5: =AI5+1 -> 45708 | AK5: =AJ5+1 -> 45709 | AL5: =AK5+1 -> 45710 | AM5: =AL5+2 -> 45712 | AN5: =AM5+1 -> 45713 | AO5: =AN5+1 -> 45714 | AP5: =AO5+1 -> 45715 | AQ5: =AP5+1 -> 45716 | AR5: =AQ5+1 -> 45717 | AS5: =AR5+2 -> 45719 | AT5: =AS5+1 -> 45720 | AU5: =AT5+1 -> 45721 | AV5: =AU5+1 -> 45722 | AW5: =AV5+1 -> 45723 | AX5: =AW5+1 -> 45724 | AY5: =AX5+2 -> 45726 | AZ5: =AY5+1 -> 45727 | BA5: =AZ5+1 -> 45728 | BB5: =BA5+1 -> 45729 | BC5: =BB5+1 -> 45730 | BD5: =BC5+1 -> 45731 | BE5: =BD5+2 -> 45733 | BF5: =BE5+1 -> 45734 | BG5: =BF5+1 -> 45735 | BH5: =BG5+1 -> 45736 | BI5: =BH5+1 -> 45737 | BJ5: =BI5+1 -> 45738 | BK5: =BJ5+2 -> 45740 | BL5: =BK5+1 -> 45741 | BM5: =BL5+1 -> 45742 | BN5: =BM5+1 -> 45743 | BO5: =BN5+1 -> 45744 | BP5: =BO5+1 -> 45745 | BQ5: =BP5+2 -> 45747 | BR5: =BQ5+1 -> 45748 | BS5: =BR5+1 -> 45749 | BT5: =BS5+1 -> 45750 | BU5: =BT5+1 -> 45751 | BV5: =BU5+3 -> 45754 | BW5: =BV5+1 -> 45755 | BX5: =BW5+1 -> 45756 | BY5: =BX5+1 -> 45757 | BZ5: =BY5+1 -> 45758 | CA5: =BZ5+1 -> 45759 | CB5: =CA5+2 -> 45761 | CC5: =CB5+1 -> 45762 | CD5: =CC5+1 -> 45763 | CE5: =CD5+1 -> 45764 | CF5: =CE5+4 -> 45768 | CG5: =CF5+1 -> 45769 | CH5: =CG5+1 -> 45770 | CI5: =CH5+1 -> 45771 | CJ5: =CI5+1 -> 45772 | CK5: =CJ5+1 -> 45773 | CL5: =CK5+1 -> 45774 | CM5: =CL5+1 -> 45775 | CN5: =CM5+1 -> 45776 | ... CP5: =CO5+1 -> 45778 | CQ5: =CP5+2 -> 45780 | CR5: =CQ5+1 -> 45781 | CS5: =CR5+1 -> 45782 | CT5: =CS5+1 -> 45783 | CU5: =CT5+1 -> 45784 | CV5: =CU5+1 -> 45785 | CW5: =CV5+1 -> 45786 | CX5: =CW5+1 -> 45787 | CY5: =CX5+2 -> 45789 | CZ5: =CY5+1 -> 45790 | DA5: =CZ5+1 -> 45791 | DB5: =DA5+1 -> 45792 | DC5: =DB5+1 -> 45793 | DD5: =DC5+1 -> 45794 | DE5: =DD5+1 -> 45795 | DF5: =DE5+1 -> 45796 | DG5: =DF5+1 -> 45797 | ... DK5: =DJ5+1 -> 45801 | DL5: =DK5+2 -> 45803 | DM5: =DL5+1 -> 45804 | DN5: =DM5+1 -> 45805 | DO5: =DN5+1 -> 45806 | DP5: =DO5+1 -> 45807 | DQ5: =DP5+1 -> 45808 | DR5: =DQ5+2 -> 45810 | DS5: =DR5+1 -> 45811 | DT5: =DS5+1 -> 45812 | DU5: =DT5+1 -> 45813 | DV5: =DU5+1 -> 45814 | DW5: =DV5+1 -> 45815 | DX5: =DW5+2 -> 45817 | DY5: =DX5+2 -> 45819 | DZ5: =DY5+1 -> 45820 | EA5: =DZ5+1 -> 45821 | EB5: =EA5+1 -> 45822 | EC5: =EB5+2 -> 45824 | ED5: =EC5+1 -> 45825 | EE5: =ED5+1 -> 45826 | EF5: =EE5+1 -> 45827 | EG5: =EF5+1 -> 45828 | EH5: =EG5+1 -> 45829 | EI5: =EH5+2 -> 45831 | EJ5: =EI5+1 -> 45832 | EK5: =EJ5+1 -> 45833 | EL5: =EK5+1 -> 45834 | EM5: =EL5+1 -> 45835 | EN5: =EM5+1 -> 45836 | EO5: =EN5+2 -> 45838 | EP5: =EO5+1 -> 45839 | EQ5: =EP5+1 -> 45840 | ER5: =EQ5+1 -> 45841 | ES5: =ER5+1 -> 45842 | ET5: =ES5+1 -> 45843 | EU5: =ET5+2 -> 45845 | EV5: =EU5+1 -> 45846 | EW5: =EV5+1 -> 45847 | EX5: =EW5+1 -> 45848 | EY5: =EX5+1 -> 45849 | EZ5: =EY5+1 -> 45850 | FA5: =EZ5+2 -> 45852 | FB5: =FA5+1 -> 45853 | FC5: =FB5+1 -> 45854 | FD5: =FC5+1 -> 45855 | FE5: =FD5+1 -> 45856 | FF5: =FE5+1 -> 45857 | FG5: =FF5+2 -> 45859 | FH5: =FG5+1 -> 45860 | FI5: =FH5+1 -> 45861 | FJ5: =FI5+1 -> 45862 | FK5: =FJ5+1 -> 45863 | FL5: =FK5+1 -> 45864 | FM5: =FL5+2 -> 45866 | FN5: =FM5+1 -> 45867 | FO5: =FN5+1 -> 45868 | FP5: =FO5+1 -> 45869 | GM5: 2025
A6: Total parts produced | B6: =SUM('OEE REA'!$M3:$M5) -> 433 | C6: =SUM('OEE REA'!$M6:$M7) -> 1119 | D6: =SUM('OEE REA'!$M8:$M9) -> 2228 | E6: =SUM('OEE REA'!$M10:$M12) -> 2138 | F6: =SUM('OEE REA'!$M13:$M15) -> 1165 | G6: =SUM('OEE REA'!$M16:$M17) -> 1616 | H6: =SUM('OEE REA'!$M18:$M19) -> 1835 | I6: =SUM('OEE REA'!$M20:$M21) -> 1200 | J6: =SUM('OEE REA'!$M22:$M23) -> 1819 | K6: =SUM('OEE REA'!$M24:$M25) -> 1045 | L6: =SUM('OEE REA'!$M26:$M27) -> 2414 | M6: =SUM('OEE REA'!$M28:$M29) -> 2447 | N6: =SUM('OEE REA'!$M30:$M31) -> 2131 | O6: =SUM('OEE REA'!$M32:$M33) -> 1716 | P6: =SUM('OEE REA'!$M34:$M35) -> 2120 | Q6: =SUM('OEE REA'!$M36:$M37) -> 2039 | R6: =SUM('OEE REA'!$M38:$M39) -> 2078 | S6: =SUM('OEE REA'!$M40:$M41) -> 2520 | T6: =SUM('OEE REA'!$M42:$M43) -> 2181 | U6: =SUM('OEE REA'!$M44:$M45) -> 1898 | V6: =SUM('OEE REA'!$M46:$M47) -> 2244 | W6: =SUM('OEE REA'!$M48:$M49) -> 2211 | X6: =SUM('OEE REA'!$M50:$M51) -> 2194 | Y6: =SUM('OEE REA'!$M52:$M53) -> 2521 | Z6: =SUM('OEE REA'!$M54:$M55) -> 1278 | AA6: =SUM('OEE REA'!$M59:$M61) -> 2942 | AB6: =SUM('OEE REA'!$M62:$M64) -> 2425 | AC6: =SUM('OEE REA'!$M65:$M67) -> 1535 | AD6: =SUM('OEE REA'!$M68:$M70) -> 2744 | AE6: =SUM('OEE REA'!$M71:$M74) -> 2260 | AF6: =SUM('OEE REA'!$M75:$M76) -> 1770 | AG6: =SUM('OEE REA'!$M77:$M79) -> 1876 | AH6: =SUM('OEE REA'!$M80:$M82) -> 2851 | AI6: =SUM('OEE REA'!$M83:$M85) -> 2630 | AJ6: =SUM('OEE REA'!$M86:$M88) -> 3203 | AK6: =SUM('OEE REA'!$M89:$M91) -> 3191 | AL6: =SUM('OEE REA'!$M92:$M94) -> 1826 | AM6: =SUM('OEE REA'!$M95:$M97) -> 1616 | AN6: =SUM('OEE REA'!$M98:$M100) -> 2633 | AO6: =SUM('OEE REA'!$M101:$M103) -> 3064 | AP6: =SUM('OEE REA'!$M104:$M106) -> 3225 | AQ6: =SUM('OEE REA'!$M107:$M109) -> 2681 | AR6: =SUM('OEE REA'!$M110:$M111) -> 1299 | AS6: =SUM('OEE REA'!$M112:$M114) -> 2754 | AT6: =SUM('OEE REA'!$M115:$M117) -> 2396 | AU6: =SUM('OEE REA'!$M118:$M120) -> 1797 | AV6: =SUM('OEE REA'!$M121:$M123) -> 2750 | AW6: =SUM('OEE REA'!$M124:$M126) -> 3140 | AX6: =SUM('OEE REA'!$M127:$M128) -> 1833 | AY6: =SUM('OEE REA'!$M129:$M131) -> 2792 | AZ6: =SUM('OEE REA'!$M132:$M134) -> 1536 | BA6: =SUM('OEE REA'!$M135:$M137) -> 1444 | BB6: =SUM('OEE REA'!$M138:$M140) -> 2195 | BC6: =SUM('OEE REA'!$M141:$M143) -> 1260 | BD6: =SUM('OEE REA'!$M144:$M145) -> 1461 | BE6: =SUM('OEE REA'!$M146:$M146) -> 400 | BF6: =SUM('OEE REA'!$M147:$M149) -> 1811 | BG6: =SUM('OEE REA'!$M150:$M152) -> 2900 | BH6: =SUM('OEE REA'!$M153:$M155) -> 2819 | BI6: =SUM('OEE REA'!$M156:$M158) -> 3097 | BJ6: =SUM('OEE REA'!$M159:$M160) -> 1674 | BK6: =SUM('OEE REA'!$M161:$M163) -> 2708 | BL6: =SUM('OEE REA'!$M164:$M166) -> 2755 | BM6: =SUM('OEE REA'!$M167:$M169) -> 2559 | BN6: =SUM('OEE REA'!$M170:$M172) -> 2494 | BO6: =SUM('OEE REA'!$M173:$M175) -> 2391 | BP6: =SUM('OEE REA'!$M176:$M177) -> 1628 | BQ6: =SUM('OEE REA'!$M178:$M180) -> 1869 | BR6: =SUM('OEE REA'!$M181:$M183) -> 2346 | BS6: =SUM('OEE REA'!$M184:$M184) -> 384 | BT6: =SUM('OEE REA'!$M188:$M189) -> 1256 | BU6: =SUM('OEE REA'!$M190:$M190) -> 718 | BV6: =SUM('OEE REA'!$M195:$M197) -> 1405 | BW6: =SUM('OEE REA'!$M198:$M200) -> 1376 | BX6: =SUM('OEE REA'!$M201:$M203) -> 2816 | BY6: =SUM('OEE REA'!$M204:$M206) -> 2599 | BZ6: =SUM('OEE REA'!$M207:$M209) -> 2498 | CA6: =SUM('OEE REA'!$M210:$M211) -> 1760 | CB6: =SUM('OEE REA'!$M212:$M214) -> 3158 | CC6: =SUM('OEE REA'!$M215:$M217) -> 2941 | CD6: =SUM('OEE REA'!$M218:$M220) -> 3374 | CE6: =SUM('OEE REA'!$M221:$M222) -> 1273 | CF6: =SUM('OEE REA'!$M223:$M225) -> 2473 | CG6: =SUM('OEE REA'!$M226:$M228) -> 1390 | CH6: =SUM('OEE REA'!$M229:$M231) -> 2533 | CI6: =SUM('OEE REA'!$M232:$M234) -> 1658 | CJ6: =SUM('OEE REA'!$M235:$M237) -> 1804 | CK6: =SUM('OEE REA'!$M238:$M239) -> 1825 | CL6: =SUM('OEE REA'!$M240:$M240) -> 1321 | CM6: =SUM('OEE REA'!$M241:$M243) -> 2285 | CN6: =SUM('OEE REA'!$M244:$M246) -> 2250 | CO6: =SUM('OEE REA'!$M247:$M249) -> 2527 | CP6: =SUM('OEE REA'!$M250:$M252) -> 1296 | CQ6: =SUM('OEE REA'!$M253:$M254) -> 1342 | CR6: =SUM('OEE REA'!$M255:$M255) -> 1057 | CS6: =SUM('OEE REA'!$M256:$M258) -> 2661 | CT6: =SUM('OEE REA'!$M259:$M261) -> 2773 | CU6: =SUM('OEE REA'!$M262:$M264) -> 3096 | CV6: =SUM('OEE REA'!$M265:$M267) -> 0 | CW6: =SUM('OEE REA'!$M269:$M270) -> 508 | CX6: =SUM('OEE REA'!$M271:$M271) -> 1125 | CY6: =SUM('OEE REA'!$M272:$M274) -> 3077 | CZ6: =SUM('OEE REA'!$M275:$M277) -> 3309 | DA6: =SUM('OEE REA'!$M278:$M280) -> 3099 | DB6: =SUM('OEE REA'!$M281:$M283) -> 3546 | DC6: =SUM('OEE REA'!$M284:$M286) -> 3531 | DD6: =SUM('OEE REA'!$M287:$M288) -> 2006 | DE6: =SUM('OEE REA'!$M289:$M289) -> 1017 | DF6: =SUM('OEE REA'!$M290:$M292) -> 2610 | DG6: =SUM('OEE REA'!$M293:$M295) -> 3221 | DH6: =SUM('OEE REA'!$M296:$M298) -> 2442 | DI6: =SUM('OEE REA'!$M299:$M301) -> 1985 | DJ6: =SUM('OEE REA'!$M302:$M304) -> 3004 | DK6: =SUM('OEE REA'!$M305:$M306) -> 1162 | DL6: =SUM('OEE REA'!$M307:$M309) -> 2081 | DM6: =SUM('OEE REA'!$M310:$M312) -> 3324 | DN6: =SUM('OEE REA'!$M313:$M315) -> 3334 | DO6: =SUM('OEE REA'!$M316:$M318) -> 3527 | DP6: =SUM('OEE REA'!$M319:$M321) -> 2923 | DQ6: =SUM('OEE REA'!$M322:$M323) -> 2042 | DR6: =SUM('OEE REA'!$M324:$M327) -> 1468 | DS6: =SUM('OEE REA'!$M328:$M330) -> 3264 | DT6: =SUM('OEE REA'!$M331:$M333) -> 3426 | DU6: =SUM('OEE REA'!$M334:$M336) -> 3505 | DV6: =SUM('OEE REA'!$M337:$M339) -> 2248 | DW6: =SUM('OEE REA'!$M340:$M341) -> 2265 | DX6: =SUM('OEE REA'!$M342:$M344) -> 1159 | DY6: =SUM('OEE REA'!$M345:$M347) -> 993 | DZ6: =SUM('OEE REA'!$M348:$M350) -> 3255 | EA6: =SUM('OEE REA'!$M351:$M353) -> 3240 | EB6: =SUM('OEE REA'!$M354:$M355) -> 2107 | EC6: =SUM('OEE REA'!$M356:$M358) -> 3386 | ED6: =SUM('OEE REA'!$M359:$M361) -> 2676 | EE6: =SUM('OEE REA'!$M362:$M364) -> 1658 | EF6: =SUM('OEE REA'!$M365:$M367) -> 2098 | EG6: =SUM('OEE REA'!$M370:$M372) -> 2388 | EH6: =SUM('OEE REA'!$M373:$M374) -> 2013 | EI6: =SUM('OEE REA'!$M375:$M377) -> 3134 | EJ6: =SUM('OEE REA'!$M378:$M380) -> 3016 | EK6: =SUM('OEE REA'!$M381:$M383) -> 3326 | EL6: =SUM('OEE REA'!$M384:$M386) -> 1586 | EM6: =SUM('OEE REA'!$M387:$M389) -> 2188 | EN6: =SUM('OEE REA'!$M390:$M391) -> 1751 | EO6: =SUM('OEE REA'!$M392:$M394) -> 1252 | EP6: =SUM('OEE REA'!$M395:$M397) -> 2562 | EQ6: =SUM('OEE REA'!$M398:$M400) -> 3443 | ER6: =SUM('OEE REA'!$M401:$M403) -> 3406 | ES6: =SUM('OEE REA'!$M404:$M406) -> 3391 | ET6: =SUM('OEE REA'!$M407:$M408) -> 2216 | EU6: =SUM('OEE REA'!$M409:$M411) -> 3233 | EV6: =SUM('OEE REA'!$M412:$M414) -> 3316 | EW6: =SUM('OEE REA'!$M415:$M417) -> 2892 | EX6: =SUM('OEE REA'!$M418:$M420) -> 1830 | EY6: =SUM('OEE REA'!$M421:$M423) -> 1766 | EZ6: =SUM('OEE REA'!$M424:$M425) -> 1877 | FA6: =SUM('OEE REA'!$M426:$M428) -> 1654 | FB6: =SUM('OEE REA'!$M429:$M431) -> 2463 | FC6: =SUM('OEE REA'!$M432:$M434) -> 3314 | FD6: =SUM('OEE REA'!$M435:$M437) -> 3379 | FE6: =SUM('OEE REA'!$M438:$M440) -> 3253 | FF6: =SUM('OEE REA'!$M441:$M442) -> 2116 | FG6: =SUM('OEE REA'!$M443:$M445) -> 0 | FH6: =SUM('OEE REA'!$M446:$M448) -> 728 | FI6: =SUM('OEE REA'!$M449:$M451) -> 735 | FJ6: =SUM('OEE REA'!$M452:$M454) -> 1821 | FK6: =SUM('OEE REA'!$M455:$M457) -> 2400 | FL6: =SUM('OEE REA'!$M458:$M459) -> 962 | FM6: =SUM('OEE REA'!$M460:$M462) -> 2977 | FN6: =SUM('OEE REA'!$M463:$M465) -> 3575 | FO6: =SUM('OEE REA'!$M466:$M468) -> 3410 | FP6: =SUM('OEE REA'!$M469:$M471) -> 3050 | GM6: =SUM(B6:GL6) -> 381063
A7: Parts n.c | B7: =SUM('OEE REA'!$AK3:$AK5) -> 1 | C7: =SUM('OEE REA'!$AK6:$AK7) -> 6 | D7: =SUM('OEE REA'!$AK8:$AK9) -> 4 | E7: =SUM('OEE REA'!$AK10:$AK12) -> 6 | F7: =SUM('OEE REA'!$AK13:$AK15) -> 7 | G7: =SUM('OEE REA'!$AK16:$AK17) -> 2 | H7: =SUM('OEE REA'!$AK18:$AK19) -> 16 | I7: =SUM('OEE REA'!$AK20:$AK21) -> 17 | J7: =SUM('OEE REA'!$AK22:$AK23) -> 18 | K7: =SUM('OEE REA'!$AK24:$AK25) -> 22 | L7: =SUM('OEE REA'!$AK26:$AK27) -> 12 | M7: =SUM('OEE REA'!$AK28:$AK29) -> 0 | N7: =SUM('OEE REA'!$AK30:$AK31) -> 6 | O7: =SUM('OEE REA'!$AK33:$AK35) -> 8 | P7: =SUM('OEE REA'!$AK34:$AK35) -> 8 | Q7: =SUM('OEE REA'!$AK36:$AK37) -> 8 | R7: =SUM('OEE REA'!$AK38:$AK39) -> 7 | S7: =SUM('OEE REA'!$AK40:$AK41) -> 11 | T7: =SUM('OEE REA'!$AK42:$AK43) -> 7 | U7: =SUM('OEE REA'!$AK44:$AK45) -> 10 | V7: =SUM('OEE REA'!$AK46:$AK47) -> 64 | W7: =SUM('OEE REA'!$AK48:$AK49) -> 41 | X7: =SUM('OEE REA'!$AK50:$AK51) -> 58 | Y7: =SUM('OEE REA'!$AK52:$AK53) -> 25 | Z7: =SUM('OEE REA'!$AK54:$AK55) -> 18 | AA7: =SUM('OEE REA'!$AK59:$AK61) -> 17 | AB7: =SUM('OEE REA'!$AK62:$AK64) -> 15 | AC7: =SUM('OEE REA'!$AK67:$AK1063) -> 2620 | AD7: =SUM('OEE REA'!$AK68:$AK1108) -> 2619 | AE7: =SUM('OEE REA'!$AK71:$AK74) -> 28 | AF7: =SUM('OEE REA'!$AK75:$AK76) -> 30 | AG7: =SUM('OEE REA'!$AK77:$AK79) -> 21 | AH7: =SUM('OEE REA'!$AK80:$AK82) -> 21 | AI7: =SUM('OEE REA'!$AK83:$AK85) -> 15 | AJ7: =SUM('OEE REA'!$AK86:$AK88) -> 17 | AK7: =SUM('OEE REA'!$AK89:$AK91) -> 7 | AL7: =SUM('OEE REA'!$AK92:$AK94) -> 8 | AM7: =SUM('OEE REA'!$AK95:$AK97) -> 7 | AN7: =SUM('OEE REA'!$AK98:$AK100) -> 4 | AO7: =SUM('OEE REA'!$AK101:$AK103) -> 21 | AP7: =SUM('OEE REA'!$AK104:$AK106) -> 2 | AQ7: =SUM('OEE REA'!$AK107:$AK109) -> 4 | AR7: =SUM('OEE REA'!$AK110:$AK111) -> 4 | AS7: =SUM('OEE REA'!$AK112:$AK114) -> 4 | AT7: =SUM('OEE REA'!$AK115:$AK117) -> 4 | AU7: =SUM('OEE REA'!$AK118:$AK120) -> 2 | AV7: =SUM('OEE REA'!$AK121:$AK123) -> 2 | AW7: =SUM('OEE REA'!$AK124:$AK126) -> 6 | AX7: =SUM('OEE REA'!$AK127:$AK128) -> 1 | AY7: =SUM('OEE REA'!$AK129:$AK131) -> 9 | AZ7: =SUM('OEE REA'!$AK132:$AK134) -> 33 | BA7: =SUM('OEE REA'!$AK135:$AK137) -> 32 | BB7: =SUM('OEE REA'!$AK138:$AK140) -> 56 | BC7: =SUM('OEE REA'!$AK141:$AK143) -> 24 | BD7: =SUM('OEE REA'!$AK144:$AK145) -> 12 | BE7: =SUM('OEE REA'!$AK146:$AK146) -> 28 | BF7: =SUM('OEE REA'!$AK147:$AK149) -> 38 | BG7: =SUM('OEE REA'!$AK150:$AK152) -> 24 | BH7: =SUM('OEE REA'!$AK153:$AK155) -> 19 | BI7: =SUM('OEE REA'!$AK156:$AK158) -> 14 | BJ7: =SUM('OEE REA'!$AK159:$AK160) -> 5 | BK7: =SUM('OEE REA'!$AK161:$AK163) -> 9 | BL7: =SUM('OEE REA'!$AK164:$AK166) -> 12 | BM7: =SUM('OEE REA'!$AK167:$AK169) -> 52 | BN7: =SUM('OEE REA'!$AK170:$AK172) -> 22 | BO7: =SUM('OEE REA'!$AK173:$AK175) -> 11 | BP7: =SUM('OEE REA'!$AK176:$AK177) -> 7 | BQ7: =SUM('OEE REA'!$AK178:$AK180) -> 43 | BR7: =SUM('OEE REA'!$AK181:$AK183) -> 2 | BS7: =SUM('OEE REA'!$AK184:$AK184) -> 0 | BT7: =SUM('OEE REA'!$AK188:$AK189) -> 68 | BU7: =SUM('OEE REA'!$AK190:$AK190) -> 22 | BV7: =SUM('OEE REA'!$AK195:$AK197) -> 51 | BW7: =SUM('OEE REA'!$AK198:$AK200) -> 11 | BX7: =SUM('OEE REA'!$AK201:$AK203) -> 11 | BY7: =SUM('OEE REA'!$AK204:$AK206) -> 2 | BZ7: =SUM('OEE REA'!$AK207:$AK209) -> 7 | CA7: =SUM('OEE REA'!$AK210:$AK211) -> 10 | CB7: =SUM('OEE REA'!$AK212:$AK214) -> 9 | CC7: =SUM('OEE REA'!$AK215:$AK217) -> 4 | CD7: =SUM('OEE REA'!$AK218:$AK220) -> 9 | CE7: =SUM('OEE REA'!$AK221:$AK222) -> 83 | CF7: =SUM('OEE REA'!$AK223:$AK225) -> 39 | CG7: =SUM('OEE REA'!$AK226:$AK228) -> 13 | CH7: =SUM('OEE REA'!$AK229:$AK231) -> 16 | CI7: =SUM('OEE REA'!$AK232:$AK234) -> 2 | CJ7: =SUM('OEE REA'!$AK235:$AK237) -> 4 | CK7: =SUM('OEE REA'!$AK238:$AK239) -> 3 | CL7: =SUM('OEE REA'!$AK240:$AK240) -> 1 | CM7: =SUM('OEE REA'!$AK241:$AK243) -> 9 | CN7: =SUM('OEE REA'!$AK244:$AK246) -> 6 | CO7: =SUM('OEE REA'!$AK247:$AK249) -> 9 | CP7: =SUM('OEE REA'!$AK250:$AK252) -> 320 | CQ7: =SUM('OEE REA'!$AK253:$AK254) -> 12 | CR7: =SUM('OEE REA'!$AK255:$AK255) -> 2 | CS7: =SUM('OEE REA'!$AK256:$AK258) -> 19 | CT7: =SUM('OEE REA'!$AK259:$AK261) -> 18 | CU7: =SUM('OEE REA'!$AK262:$AK264) -> 17 | CV7: =SUM('OEE REA'!$AK265:$AK267) -> 0 | CW7: =SUM('OEE REA'!$AK269:$AK270) -> 2 | CX7: =SUM('OEE REA'!$AK271:$AK271) -> 1 | CY7: =SUM('OEE REA'!$AK272:$AK274) -> 4 | CZ7: =SUM('OEE REA'!$AK275:$AK277) -> 3 | DA7: =SUM('OEE REA'!$AK278:$AK280) -> 4 | DB7: =SUM('OEE REA'!$AK281:$AK283) -> 3 | DC7: =SUM('OEE REA'!$AK284:$AK286) -> 8 | DD7: =SUM('OEE REA'!$AK287:$AK288) -> 0 | DE7: =SUM('OEE REA'!$AK289:$AK289) -> 0 | DF7: =SUM('OEE REA'!$AK290:$AK292) -> 4 | DG7: =SUM('OEE REA'!$AK293:$AK295) -> 4 | DH7: =SUM('OEE REA'!$AK296:$AK298) -> 1 | DI7: =SUM('OEE REA'!$AK299:$AK301) -> 27 | DJ7: =SUM('OEE REA'!$AK302:$AK304) -> 32 | DK7: =SUM('OEE REA'!$AK305:$AK306) -> 2 | DL7: =SUM('OEE REA'!$AK307:$AK309) -> 28 | DM7: =SUM('OEE REA'!$AK310:$AK312) -> 45 | DN7: =SUM('OEE REA'!$AK313:$AK315) -> 36 | DO7: =SUM('OEE REA'!$AK316:$AK318) -> 9 | DP7: =SUM('OEE REA'!$AK319:$AK321) -> 11 | DQ7: =SUM('OEE REA'!$AK322:$AK323) -> 3 | DR7: =SUM('OEE REA'!$AK324:$AK327) -> 0 | DS7: =SUM('OEE REA'!$AK328:$AK330) -> 2 | DT7: =SUM('OEE REA'!$AK331:$AK333) -> 8 | DU7: =SUM('OEE REA'!$AK334:$AK336) -> 5 | DV7: =SUM('OEE REA'!$AK337:$AK339) -> 6 | DW7: =SUM('OEE REA'!$AK340:$AK341) -> 3 | DX7: =SUM('OEE REA'!$AK342:$AK344) -> 3 | DY7: =SUM('OEE REA'!$AK345:$AK347) -> 4 | DZ7: =SUM('OEE REA'!$AK348:$AK350) -> 2 | EA7: =SUM('OEE REA'!$AK351:$AK353) -> 3 | EB7: =SUM('OEE REA'!$AK354:$AK355) -> 6 | EC7: =SUM('OEE REA'!$AK356:$AK358) -> 4 | ED7: =SUM('OEE REA'!$AK359:$AK361) -> 3 | EE7: =SUM('OEE REA'!$AK362:$AK364) -> 46 | EF7: =SUM('OEE REA'!$AK365:$AK367) -> 16 | EG7: =SUM('OEE REA'!$AK370:$AK372) -> 20 | EH7: =SUM('OEE REA'!$AK373:$AK374) -> 4 | EI7: =SUM('OEE REA'!$AK375:$AK377) -> 3 | EJ7: =SUM('OEE REA'!$AK378:$AK380) -> 7 | EK7: =SUM('OEE REA'!$AK381:$AK383) -> 3 | EL7: =SUM('OEE REA'!$AK384:$AK386) -> 3 | EM7: =SUM('OEE REA'!$AK387:$AK389) -> 59 | EN7: =SUM('OEE REA'!$AK390:$AK391) -> 50 | EO7: =SUM('OEE REA'!$AK392:$AK394) -> 23 | EP7: =SUM('OEE REA'!$AK395:$AK397) -> 41 | EQ7: =SUM('OEE REA'!$AK398:$AK400) -> 9 | ER7: =SUM('OEE REA'!$AK401:$AK403) -> 11 | ES7: =SUM('OEE REA'!$AK404:$AK406) -> 8 | ET7: =SUM('OEE REA'!$AK407:$AK408) -> 5 | EU7: =SUM('OEE REA'!$AK409:$AK411) -> 6 | EV7: =SUM('OEE REA'!$AK412:$AK414) -> 13 | EW7: =SUM('OEE REA'!$AK415:$AK417) -> 14 | EX7: =SUM('OEE REA'!$AK418:$AK420) -> 14 | EY7: =SUM('OEE REA'!$AK421:$AK423) -> 13 | EZ7: =SUM('OEE REA'!$AK424:$AK425) -> 4 | FA7: =SUM('OEE REA'!$AK426:$AK428) -> 42 | FB7: =SUM('OEE REA'!$AK429:$AK431) -> 4 | FC7: =SUM('OEE REA'!$AK432:$AK434) -> 2 | FD7: =SUM('OEE REA'!$AK435:$AK437) -> 0 | FE7: =SUM('OEE REA'!$AK438:$AK440) -> 2 | FF7: =SUM('OEE REA'!$AK441:$AK442) -> 2 | FG7: =SUM('OEE REA'!$AK443:$AK445) -> 0 | FH7: =SUM('OEE REA'!$AK446:$AK448) -> 5 | FI7: =SUM('OEE REA'!$AK449:$AK451) -> 2 | FJ7: =SUM('OEE REA'!$AK452:$AK454) -> 41 | FK7: =SUM('OEE REA'!$AK455:$AK457) -> 46 | FL7: =SUM('OEE REA'!$AK458:$AK459) -> 38 | FM7: =SUM('OEE REA'!$AK460:$AK462) -> 16 | FN7: =SUM('OEE REA'!$AK463:$AK465) -> 11 | FO7: =SUM('OEE REA'!$AK466:$AK468) -> 8 | FP7: =SUM('OEE REA'!$AK469:$AK471) -> 29 | GM7: =SUM(B7:GL7) -> 7986
A8: Parts ok | B8: =B6-B7 -> 432 | C8: =C6-C7 -> 1113 | D8: =D6-D7 -> 2224 | E8: =E6-E7 -> 2132 | F8: =F6-F7 -> 1158 | G8: =G6-G7 -> 1614 | H8: =H6-H7 -> 1819 | I8: =I6-I7 -> 1183 | ... FP8: =FP6-FP7 -> 3021 | GM8: =SUM(B8:GL8) -> 373077
A9: Theaoretic hours of work | B9: =SUM('OEE REA'!$BC3:$BC5)/60 -> 2.8300654 | C9: =SUM('OEE REA'!$BC6:$BC7)/60 -> 7.3137255 | D9: =SUM('OEE REA'!$BC8:$BC9)/60 -> 14.562092 | E9: =SUM('OEE REA'!$BC10:$BC12)/60 -> 13.973856 | F9: =SUM('OEE REA'!$BC13:$BC15)/60 -> 7.6143791 | G9: =SUM('OEE REA'!$BC16:$BC17)/60 -> 10.562092 | H9: =SUM('OEE REA'!$BC18:$BC19)/60 -> 11.993464 | I9: =SUM('OEE REA'!$BC20:$BC21)/60 -> 7.8431373 | J9: =SUM('OEE REA'!$BC22:$BC23)/60 -> 11.888889 | K9: =SUM('OEE REA'!$BC24:$BC25)/60 -> 6.8300654 | L9: =SUM('OEE REA'!$BC26:$BC27)/60 -> 15.777778 | M9: =SUM('OEE REA'!$BC28:$BC29)/60 -> 15.993464 | N9: =SUM('OEE REA'!$BC30:$BC31)/60 -> 13.928105 | O9: =SUM('OEE REA'!$BC32:$BC33)/60 -> 11.215686 | P9: =SUM('OEE REA'!$BC34:$BC35)/60 -> 13.856209 | Q9: =SUM('OEE REA'!$BC36:$BC37)/60 -> 13.326797 | R9: =SUM('OEE REA'!$BC38:$BC39)/60 -> 13.581699 | S9: =SUM('OEE REA'!$BC40:$BC41)/60 -> 16.470588 | T9: =SUM('OEE REA'!$BC42:$BC43)/60 -> 14.254902 | U9: =SUM('OEE REA'!$BC44:$BC45)/60 -> 12.405229 | V9: =SUM('OEE REA'!$BC46:$BC47)/60 -> 14.666667 | W9: =SUM('OEE REA'!$BC48:$BC49)/60 -> 14.45098 | X9: =SUM('OEE REA'!$BC50:$BC51)/60 -> 14.339869 | Y9: =SUM('OEE REA'!$BC52:$BC53)/60 -> 16.477124 | Z9: =SUM('OEE REA'!$BC54:$BC55)/60 -> 8.3529412 | AA9: =SUM('OEE REA'!$BC59:$BC61)/60 -> 19.228758 | AB9: =SUM('OEE REA'!$BC62:$BC64)/60 -> 15.849673 | AC9: =SUM('OEE REA'!$BC65:$BC67)/60 -> 10.03268 | AD9: =SUM('OEE REA'!$BC68:$BC70)/60 -> 17.934641 | AE9: =SUM('OEE REA'!$BC71:$BC74)/60 -> 12.54902 | AF9: =SUM('OEE REA'!$BC75:$BC76)/60 -> 11.568627 | AG9: =SUM('OEE REA'!$BC77:$BC79)/60 -> 12.261438 | AH9: =SUM('OEE REA'!$BC80:$BC82)/60 -> 18.633987 | AI9: =SUM('OEE REA'!$BC83:$BC85)/60 -> 17.189542 | AJ9: =SUM('OEE REA'!$BC86:$BC88)/60 -> 20.934641 | AK9: =SUM('OEE REA'!$BC89:$BC91)/60 -> 20.856209 | AL9: =SUM('OEE REA'!$BC92:$BC94)/60 -> 11.934641 | AM9: =SUM('OEE REA'!$BC95:$BC97)/60 -> 10.562092 | AN9: =SUM('OEE REA'!$BC98:$BC100)/60 -> 17.20915 | AO9: =SUM('OEE REA'!$BC101:$BC103)/60 -> 20.026144 | AP9: =SUM('OEE REA'!$BC104:$BC106)/60 -> 21.078431 | AQ9: =SUM('OEE REA'!$BC107:$BC109)/60 -> 17.522876 | AR9: =SUM('OEE REA'!$BC110:$BC111)/60 -> 8.4901961 | AS9: =SUM('OEE REA'!$BC112:$BC114)/60 -> 18 | AT9: =SUM('OEE REA'!$BC115:$BC117)/60 -> 15.660131 | AU9: =SUM('OEE REA'!$BC118:$BC120)/60 -> 11.745098 | AV9: =SUM('OEE REA'!$BC121:$BC123)/60 -> 17.973856 | AW9: =SUM('OEE REA'!$BC124:$BC126)/60 -> 20.522876 | AX9: =SUM('OEE REA'!$BC127:$BC128)/60 -> 11.980392 | AY9: =SUM('OEE REA'!$BC129:$BC131)/60 -> 18.248366 | AZ9: =SUM('OEE REA'!$BC132:$BC134)/60 -> 10.039216 | BA9: =SUM('OEE REA'!$BC135:$BC137)/60 -> 9.4379085 | BB9: =SUM('OEE REA'!$BC138:$BC140)/60 -> 14.346405 | BC9: =SUM('OEE REA'!$BC141:$BC143)/60 -> 8.2352941 | BD9: =SUM('OEE REA'!$BC144:$BC145)/60 -> 9.5490196 | BE9: =SUM('OEE REA'!$BC146:$BC146)/60 -> 2.6143791 | BF9: =SUM('OEE REA'!$BC147:$BC149)/60 -> 11.836601 | BG9: =SUM('OEE REA'!$BC150:$BC152)/60 -> 18.954248 | BH9: =SUM('OEE REA'!$BC153:$BC155)/60 -> 18.424837 | BI9: =SUM('OEE REA'!$BC156:$BC158)/60 -> 20.24183 | BJ9: =SUM('OEE REA'!$BC159:$BC160)/60 -> 10.941176 | BK9: =SUM('OEE REA'!$BC161:$BC163)/60 -> 17.699346 | BL9: =SUM('OEE REA'!$BC164:$BC166)/60 -> 18.006536 | BM9: =SUM('OEE REA'!$BC167:$BC169)/60 -> 16.72549 | BN9: =SUM('OEE REA'!$BC170:$BC172)/60 -> 16.300654 | BO9: =SUM('OEE REA'!$BC173:$BC175)/60 -> 15.627451 | BP9: =SUM('OEE REA'!$BC176:$BC177)/60 -> 10.640523 | BQ9: =SUM('OEE REA'!$BC178:$BC180)/60 -> 12.215686 | BR9: =SUM('OEE REA'!$BC181:$BC183)/60 -> 15.333333 | BS9: =SUM('OEE REA'!$BC184:$BC184)/60 -> 2.5098039 | BT9: =SUM('OEE REA'!$BC188:$BC189)/60 -> 8.2091503 | BU9: =SUM('OEE REA'!$BC190:$BC190)/60 -> 4.6928105 | BV9: =SUM('OEE REA'!$BC195:$BC197)/60 -> 9.1830065 | BW9: =SUM('OEE REA'!$BC198:$BC200)/60 -> 8.9934641 | BX9: =SUM('OEE REA'!$BC201:$BC203)/60 -> 18.405229 | BY9: =SUM('OEE REA'!$BC204:$BC206)/60 -> 16.986928 | BZ9: =SUM('OEE REA'!$BC207:$BC209)/60 -> 16.326797 | CA9: =SUM('OEE REA'!$BC210:$BC211)/60 -> 11.503268 | CB9: =SUM('OEE REA'!$BC212:$BC214)/60 -> 20.640523 | CC9: =SUM('OEE REA'!$BC215:$BC217)/60 -> 19.222222 | CD9: =SUM('OEE REA'!$BC218:$BC220)/60 -> 22.052288 | CE9: =SUM('OEE REA'!$BC221:$BC222)/60 -> 8.3202614 | CF9: =SUM('OEE REA'!$BC223:$BC225)/60 -> 16.163399 | CG9: =SUM('OEE REA'!$BC226:$BC228)/60 -> 9.0849673 | CH9: =SUM('OEE REA'!$BC229:$BC231)/60 -> 16.555556 | CI9: =SUM('OEE REA'!$BC232:$BC234)/60 -> 10.836601 | CJ9: =SUM('OEE REA'!$BC235:$BC237)/60 -> 11.79085 | CK9: =SUM('OEE REA'!$BC238:$BC239)/60 -> 11.928105 | CL9: =SUM('OEE REA'!$BC240:$BC240)/60 -> 8.6339869 | CM9: =SUM('OEE REA'!$BC241:$BC243)/60 -> 14.934641 | CN9: =SUM('OEE REA'!$BC244:$BC246)/60 -> 14.705882 | CO9: =SUM('OEE REA'!$BC247:$BC249)/60 -> 16.51634 | CP9: =SUM('OEE REA'!$BC250:$BC252)/60 -> 8.4705882 | CQ9: =SUM('OEE REA'!$BC253:$BC254)/60 -> 8.7712418 | CR9: =SUM('OEE REA'!$BC255:$BC255)/60 -> 6.9084967 | CS9: =SUM('OEE REA'!$BC256:$BC258)/60 -> 17.392157 | CT9: =SUM('OEE REA'!$BC259:$BC261)/60 -> 18.124183 | CU9: =SUM('OEE REA'!$BC262:$BC264)/60 -> 20.235294 | CV9: =SUM('OEE REA'!$BC265:$BC267)/60 -> 0 | CW9: =SUM('OEE REA'!$BC269:$BC270)/60 -> 3.3202614 | CX9: =SUM('OEE REA'!$BC271:$BC271)/60 -> 7.3529412 | CY9: =SUM('OEE REA'!$BC272:$BC274)/60 -> 20.111111 | CZ9: =SUM('OEE REA'!$BC275:$BC277)/60 -> 21.627451 | DA9: =SUM('OEE REA'!$BC278:$BC280)/60 -> 20.254902 | DB9: =SUM('OEE REA'!$BC281:$BC283)/60 -> 23.176471 | DC9: =SUM('OEE REA'!$BC284:$BC286)/60 -> 23.078431 | DD9: =SUM('OEE REA'!$BC287:$BC288)/60 -> 13.111111 | DE9: =SUM('OEE REA'!$BC289:$BC289)/60 -> 6.6470588 | DF9: =SUM('OEE REA'!$BC290:$BC292)/60 -> 17.058824 | DG9: =SUM('OEE REA'!$BC293:$BC295)/60 -> 21.052288 | DH9: =SUM('OEE REA'!$BC296:$BC298)/60 -> 15.960784 | DI9: =SUM('OEE REA'!$BC299:$BC301)/60 -> 12.973856 | DJ9: =SUM('OEE REA'!$BC302:$BC304)/60 -> 19.633987 | DK9: =SUM('OEE REA'!$BC305:$BC306)/60 -> 7.5947712 | DL9: =SUM('OEE REA'!$BC307:$BC309)/60 -> 13.601307 | DM9: =SUM('OEE REA'!$BC310:$BC312)/60 -> 21.72549 | DN9: =SUM('OEE REA'!$BC313:$BC315)/60 -> 21.79085 | DO9: =SUM('OEE REA'!$BC316:$BC318)/60 -> 23.052288 | DP9: =SUM('OEE REA'!$BC319:$BC321)/60 -> 19.104575 | DQ9: =SUM('OEE REA'!$BC322:$BC323)/60 -> 13.346405 | DR9: =SUM('OEE REA'!$BC324:$BC327)/60 -> 9.5947712 | DS9: =SUM('OEE REA'!$BC328:$BC330)/60 -> 21.333333 | DT9: =SUM('OEE REA'!$BC331:$BC333)/60 -> 22.392157 | DU9: =SUM('OEE REA'!$BC331:$BC333)/60 -> 22.392157 | DV9: =SUM('OEE REA'!$BC337:$BC339)/60 -> 14.69281 | DW9: =SUM('OEE REA'!$BC340:$BC341)/60 -> 14.803922 | DX9: =SUM('OEE REA'!$BC342:$BC344)/60 -> 7.5751634 | DY9: =SUM('OEE REA'!$BC345:$BC347)/60 -> 6.4901961 | DZ9: =SUM('OEE REA'!$BC348:$BC350)/60 -> 21.27451 | EA9: =SUM('OEE REA'!$BC351:$BC353)/60 -> 21.176471 | EB9: =SUM('OEE REA'!$BC354:$BC355)/60 -> 13.771242 | EC9: =SUM('OEE REA'!$BC356:$BC358)/60 -> 22.130719 | ED9: =SUM('OEE REA'!$BC359:$BC361)/60 -> 17.490196 | EE9: =SUM('OEE REA'!$BC362:$BC364)/60 -> 10.836601 | EF9: =SUM('OEE REA'!$BC365:$BC367)/60 -> 13.712418 | EG9: =SUM('OEE REA'!$BC370:$BC372)/60 -> 15.607843 | EH9: =SUM('OEE REA'!$BC373:$BC374)/60 -> 13.156863 | EI9: =SUM('OEE REA'!$BC375:$BC377)/60 -> 20.48366 | EJ9: =SUM('OEE REA'!$BC378:$BC380)/60 -> 19.712418 | EK9: =SUM('OEE REA'!$BC381:$BC383)/60 -> 21.738562 | EL9: =SUM('OEE REA'!$BC384:$BC386)/60 -> 10.366013 | EM9: =SUM('OEE REA'!$BC387:$BC389)/60 -> 14.300654 | EN9: =SUM('OEE REA'!$BC390:$BC391)/60 -> 11.444444 | EO9: =SUM('OEE REA'!$BC392:$BC394)/60 -> 8.1830065 | EP9: =SUM('OEE REA'!$BC395:$BC397)/60 -> 16.745098 | EQ9: =SUM('OEE REA'!$BC398:$BC400)/60 -> 22.503268 | ER9: =SUM('OEE REA'!$BC401:$BC403)/60 -> 22.261438 | ES9: =SUM('OEE REA'!$BC404:$BC406)/60 -> 22.163399 | ET9: =SUM('OEE REA'!$BC407:$BC408)/60 -> 14.48366 | EU9: =SUM('OEE REA'!$BC409:$BC411)/60 -> 21.130719 | EV9: =SUM('OEE REA'!$BC412:$BC414)/60 -> 21.673203 | EW9: =SUM('OEE REA'!$BC415:$BC417)/60 -> 18.901961 | EX9: =SUM('OEE REA'!$BC418:$BC420)/60 -> 11.960784 | EY9: =SUM('OEE REA'!$BC421:$BC423)/60 -> 11.542484 | EZ9: =SUM('OEE REA'!$BC424:$BC425)/60 -> 12.267974 | FA9: =SUM('OEE REA'!$BC426:$BC428)/60 -> 10.810458 | FB9: =SUM('OEE REA'!$BC429:$BC431)/60 -> 16.098039 | FC9: =SUM('OEE REA'!$BC432:$BC434)/60 -> 21.660131 | FD9: =SUM('OEE REA'!$BC435:$BC437)/60 -> 22.084967 | FE9: =SUM('OEE REA'!$BC438:$BC440)/60 -> 21.261438 | FF9: =SUM('OEE REA'!$BC441:$BC442)/60 -> 13.830065 | FG9: =SUM('OEE REA'!$BC443:$BC445)/60 -> 0 | FH9: =SUM('OEE REA'!$BC446:$BC448)/60 -> 4.7581699 | FI9: =SUM('OEE REA'!$BC449:$BC451)/60 -> 4.8039216 | FJ9: =SUM('OEE REA'!$BC452:$BC454)/60 -> 11.901961 | FK9: =SUM('OEE REA'!$BC455:$BC457)/60 -> 15.686275 | FL9: =SUM('OEE REA'!$BC458:$BC459)/60 -> 6.2875817 | FM9: =SUM('OEE REA'!$BC460:$BC462)/60 -> 19.457516 | FN9: =SUM('OEE REA'!$BC463:$BC465)/60 -> 23.366013 | FO9: =SUM('OEE REA'!$BC466:$BC468)/60 -> 22.287582 | FP9: =SUM('OEE REA'!$BC469:$BC471)/60 -> 19.934641 | GM9: =SUM(B9:GL9) -> 2487.8693
